stamp_sec,cx,cy,w,h,cx_ref,cy_ref,D0,transformX,transformY,transformZ
1760582777.0,767.0,485.0,138.0,138.0,360.0,480.0,300.0,-0.722,-1.77,-5.104
1760582818.0,646.5,303.5,137.0,137.0,360.0,480.0,300.0,0.4460000000000002,-1.005,-5.184
1760582861.0,704.5,144.0,191.0,190.0,360.0,480.0,300.0,1.0890000000000004,-0.9740000000000002,-3.512
1760582903.0,586.5,487.0,141.0,140.0,360.0,480.0,300.0,-0.7210000000000001,-0.5979999999999999,-4.98
1760582940.0,824.0,91.0,136.0,136.0,360.0,480.0,300.0,1.8419999999999996,-2.175,-5.188
1760582980.0,243.0,395.0,144.0,144.0,360.0,480.0,300.0,-0.1349999999999998,1.5359999999999996,-4.836
1760583019.0,678.5,367.5,155.0,155.0,360.0,480.0,300.0,0.040000000000000036,-1.0630000000000002,-4.4670000000000005
1760583057.0,402.5,435.0,161.0,160.0,360.0,480.0,300.0,-0.3380000000000001,0.5069999999999997,-4.328
1760583095.0,702.5,285.0,135.0,134.0,360.0,480.0,300.0,0.5779999999999998,-1.395,-5.297
1760583135.0,115.5,582.0,159.0,158.0,360.0,480.0,300.0,-1.162,2.115,-4.3309999999999995
1760583175.0,284.0,278.0,146.0,146.0,360.0,480.0,300.0,0.5790000000000002,1.2720000000000002,-4.7940000000000005
1760583215.0,593.0,436.0,148.0,148.0,360.0,480.0,300.0,-0.3769999999999998,-0.6000000000000001,-4.733
1760583257.0,549.5,353.0,161.0,160.0,360.0,480.0,300.0,0.11799999999999988,-0.31000000000000005,-4.322
1760583299.0,452.0,213.0,164.0,164.0,360.0,480.0,300.0,0.8809999999999998,0.2270000000000003,-4.184
1760583339.0,294.4622497558594,58.93313789367676,116.0,115.99999618530273,360.0,480.0,300.0,1.9130000000000003,1.205,-4.788
1760583376.0,213.5,549.0,145.0,144.0,360.0,480.0,300.0,-1.081,1.718,-4.854
1760583417.0,288.1484069824219,623.2865600585938,190.0,190.0,360.0,480.0,300.0,-1.609,-0.16599999999999993,-3.8049999999999997
1760583458.0,501.0,617.5,174.0,175.0,360.0,480.0,300.0,-1.236,-0.029999999999999805,-3.8819999999999997
1760583497.0,14.5,11.0,29.0,22.0,360.0,480.0,300.0,1.931,2.394,-4.056
1760583537.0,875.0,90.0,148.0,148.0,360.0,480.0,300.0,1.7080000000000002,-2.299,-4.732
1760583577.0,668.5,131.5,163.0,163.0,360.0,480.0,300.0,1.3250000000000002,-0.9510000000000001,-4.2059999999999995
1760583617.0,717.5,101.0,141.0,142.0,360.0,480.0,300.0,1.7089999999999996,-1.415,-4.978
1760583656.0,401.0,614.0,172.0,172.0,360.0,480.0,300.0,-1.236,0.48599999999999977,-3.976
1760583696.0,593.0,583.5,140.0,139.0,360.0,480.0,300.0,-1.348,-0.6459999999999999,-5.063
1760583734.0,889.10400390625,605.5,158.0,158.0,360.0,480.0,300.0,-1.243,-2.097,-3.973
1760583774.0,336.0,74.0,150.0,148.0,360.0,480.0,300.0,1.7839999999999998,0.9299999999999997,-4.663
1760583812.0,16.0,24.5,32.0,49.0,360.0,480.0,300.0,1.468,2.096,-3.592
1760583858.0,871.5,573.0,147.0,146.0,360.0,480.0,300.0,-1.211,-2.298,-4.795
1760583900.0,870.0,356.0,172.0,172.0,360.0,480.0,300.0,0.10199999999999987,-1.952,-3.9539999999999997
1760583939.0,657.5,241.5,155.0,155.0,360.0,480.0,300.0,0.758,-0.94,-4.485
1760583980.0,889.0,215.0,142.0,144.0,360.0,480.0,300.0,0.9750000000000001,-2.458,-4.871
1760584022.0,89.0,176.5,178.0,177.0,360.0,480.0,300.0,1.005,2.042,-3.81
1760584059.0,136.5,565.5,171.0,171.0,360.0,480.0,300.0,-0.9929999999999999,1.8689999999999998,-4.01
1760584099.0,839.5,180.0,145.0,144.0,360.0,480.0,300.0,1.189,-2.133,-4.84
1760584139.0,777.0,75.0,140.0,140.0,360.0,480.0,300.0,1.8899999999999997,-1.8130000000000002,-5.055
1760584179.0,226.5,4.6000001430511475,12.0,12.000000476837158,360.0,480.0,300.0,1.9189999999999996,1.1100000000000003,-4.188
1760584219.0,928.5,641.5,63.0,157.0,360.0,480.0,300.0,1.8719999999999999,-0.488,-4.5440000000000005
1760584261.0,486.0,179.5,134.0,135.0,360.0,480.0,300.0,1.2750000000000004,0.038000000000000256,-5.288
1760584299.0,596.0,289.0,166.0,166.0,360.0,480.0,300.0,0.4630000000000001,-0.544,-4.121
1760584339.0,792.5,542.0,169.0,170.0,360.0,480.0,300.0,-0.875,-1.5659999999999998,-4.004
1760584376.0,73.0,252.5,146.0,151.0,360.0,480.0,300.0,0.7120000000000002,2.4800000000000004,-4.587
1760584414.0,144.5,370.5,153.0,153.0,360.0,480.0,300.0,0.020999999999999908,2.0250000000000004,-4.546
1760584457.0,929.5,643.0,61.0,154.0,360.0,480.0,300.0,1.9740000000000002,1.9000000000000004,-3.959
1760584499.0,452.5,475.5,161.0,161.0,360.0,480.0,300.0,-0.56,0.2270000000000003,-4.301
1760584539.0,431.5,336.5,139.0,139.0,360.0,480.0,300.0,0.23099999999999987,0.38400000000000034,-5.103
1760584580.0,932.5,646.5,55.0,147.0,360.0,480.0,300.0,1.9980000000000002,-2.284,-4.277
1760584619.0,526.0,155.0,140.0,140.0,360.0,480.0,300.0,1.3769999999999998,-0.21499999999999986,-5.032
1760584661.0,81.5,221.5,163.0,163.0,360.0,480.0,300.0,0.8359999999999999,2.2539999999999996,-4.2219999999999995
1760584701.0,327.0,565.0,160.0,160.0,360.0,480.0,300.0,-1.06,0.9260000000000002,-4.286
1760584743.0,271.0,5.090909004211426,14.0,14.0,360.0,480.0,300.0,1.8360000000000003,0.8929999999999998,-3.693
1760584783.0,825.0,180.0,162.0,162.0,360.0,480.0,300.0,1.069,-1.8199999999999998,-4.2620000000000005
1760584823.0,229.0,618.0,134.0,134.0,360.0,480.0,300.0,-1.627,1.7380000000000004,-5.283
1760584862.0,508.5,237.5,151.0,151.0,360.0,480.0,300.0,0.802,-0.09200000000000008,-4.5969999999999995
1760584900.0,733.0,478.0,182.0,182.0,360.0,480.0,300.0,-0.4969999999999999,-1.1629999999999998,-3.7119999999999997
1760584942.0,686.5,350.5,135.0,135.0,360.0,480.0,300.0,0.1419999999999999,-1.2799999999999998,-5.245
1760584982.0,392.0,85.0,134.0,134.0,360.0,480.0,300.0,1.9029999999999996,0.6619999999999999,-5.282
1760585020.0,242.0,276.0,134.0,134.0,360.0,480.0,300.0,0.6360000000000001,1.6529999999999996,-5.279
1760585057.0,666.5,209.5,137.0,137.0,360.0,480.0,300.0,1.0510000000000002,-1.126,-5.116
1760585095.0,930.5,645.0,59.0,150.0,360.0,480.0,300.0,1.755,-1.7200000000000002,-4.0600000000000005
1760585134.0,771.5,3.5,10.0,10.0,360.0,480.0,300.0,1.795,-1.6760000000000002,-4.082
1760585174.0,217.0,277.5,134.0,133.0,360.0,480.0,300.0,0.629,1.8289999999999997,-5.356
1760585216.0,840.5,138.5,161.0,161.0,360.0,480.0,300.0,1.3019999999999996,-1.916,-4.291
1760585255.0,724.0,191.5,144.0,145.0,360.0,480.0,300.0,1.1159999999999997,-1.424,-4.856
1760585293.0,267.5,442.5,137.0,137.0,360.0,480.0,300.0,-0.45500000000000007,1.4589999999999996,-5.176
1760585332.0,609.5,258.5,185.0,185.0,360.0,480.0,300.0,0.5699999999999998,-0.5489999999999999,-3.626
1760585372.0,410.9444580078125,643.5,148.0,148.0,360.0,480.0,300.0,-1.537,0.04100000000000037,-4.01
1760585412.0,485.5,538.5,189.0,189.0,360.0,480.0,300.0,-0.762,0.04900000000000038,-3.525
1760585453.0,805.0,6.0,18.0,18.0,360.0,480.0,300.0,0.5369999999999999,-2.317,-3.9450000000000003
1760585493.0,609.0,564.5,144.0,143.0,360.0,480.0,300.0,-1.187,-0.7250000000000001,-4.9190000000000005
1760585533.0,553.5,308.5,177.0,177.0,360.0,480.0,300.0,0.3410000000000002,-0.2959999999999998,-3.819
1760585575.0,929.5,644.0,61.0,152.0,360.0,480.0,300.0,1.8070000000000004,-2.056,-4.449
1760585620.0,659.0,414.0,144.0,144.0,360.0,480.0,300.0,-0.254,-1.0299999999999998,-4.878
1760585659.0,573.5,593.0,147.0,148.0,360.0,480.0,300.0,-1.322,-0.4870000000000001,-4.711
1760585700.0,112.0,526.0,140.0,140.0,360.0,480.0,300.0,-0.9740000000000002,2.412,-5.046
1760585739.0,742.0,352.0,168.0,168.0,360.0,480.0,300.0,0.12199999999999989,-1.3119999999999998,-4.057
1760585779.0,356.0,224.0,164.0,164.0,360.0,480.0,300.0,0.8170000000000002,0.7489999999999997,-4.195
1760585821.0,544.5,447.5,145.0,145.0,360.0,480.0,300.0,-0.4580000000000002,-0.31800000000000006,-4.8149999999999995
1760585861.0,418.0,382.0,150.0,150.0,360.0,480.0,300.0,-0.04999999999999982,0.4429999999999996,-4.621
1760585902.0,284.0,501.0,142.0,142.0,360.0,480.0,300.0,-0.802,1.3010000000000002,-4.932
1760585943.0,283.5,447.5,169.0,169.0,360.0,480.0,300.0,-0.379,1.1109999999999998,-4.0329999999999995
1760585983.0,492.5,77.0,137.0,136.0,360.0,480.0,300.0,1.9180000000000001,-0.0040000000000000036,-5.158
1760586023.0,532.0,194.5,154.0,153.0,360.0,480.0,300.0,1.0430000000000001,-0.2250000000000001,-4.55
1760586064.0,827.4738159179688,648.98046875,138.0,138.0,360.0,480.0,300.0,-1.489,-1.823,-4.032
1760586104.0,119.5,337.5,137.0,137.0,360.0,480.0,300.0,0.22599999999999998,2.425,-5.206
1760586144.0,620.0,331.5,158.0,159.0,360.0,480.0,300.0,0.2400000000000002,-0.7090000000000001,-4.351
1760586184.0,407.5,315.5,163.0,163.0,360.0,480.0,300.0,0.32299999999999995,0.4710000000000001,-4.2219999999999995
1760586224.0,478.5,486.5,163.0,163.0,360.0,480.0,300.0,-0.6099999999999999,0.08499999999999996,-4.224
1760586263.0,411.5,320.0,133.0,134.0,360.0,480.0,300.0,0.347,0.532,-5.304
1760586305.0,391.5,347.0,145.0,146.0,360.0,480.0,300.0,0.1589999999999998,0.617,-4.789
1760586346.0,931.5,646.0,57.0,148.0,360.0,480.0,300.0,1.8019999999999996,-0.18299999999999983,-4.373
1760586384.0,816.5,598.0,155.0,154.0,360.0,480.0,300.0,-1.29,-1.862,-4.469
1760586424.0,822.5,587.5,139.0,139.0,360.0,480.0,300.0,-1.372,-2.116,-5.087
1760586466.0,27.0,5.090909004211426,14.0,14.0,360.0,480.0,300.0,1.763,1.9299999999999997,-3.7569999999999997
1760586505.0,841.2924194335938,634.09765625,148.0,148.0,360.0,480.0,300.0,-1.22,-1.6389999999999998,-3.5709999999999997
1760586545.0,489.0,398.0,176.0,176.0,360.0,480.0,300.0,-0.11299999999999999,0.03000000000000025,-3.827
1760586584.0,363.5,491.5,149.0,149.0,360.0,480.0,300.0,-0.7069999999999999,0.7750000000000004,-4.677
1760586624.0,550.371337890625,653.6993408203125,126.0,126.0,360.0,480.0,300.0,-1.566,-0.3210000000000002,-4.3469999999999995
1760586664.0,491.5,543.0,143.0,142.0,360.0,480.0,300.0,-1.061,0.0039999999999995595,-4.944
1760586704.0,897.719482421875,413.5,134.0,134.0,360.0,480.0,300.0,-0.24400000000000022,-2.433,-4.723
1760586745.0,186.5,3.125,10.0,10.0,360.0,480.0,300.0,1.96,1.3120000000000003,-4.508
1760586784.0,582.5,640.5,149.0,149.0,360.0,480.0,300.0,-1.592,-0.5390000000000001,-4.672
1760586825.0,173.0,397.5,186.0,187.0,360.0,480.0,300.0,-0.09799999999999986,1.5439999999999996,-3.573
1760586864.0,194.0,93.5,146.0,147.0,360.0,480.0,300.0,1.6989999999999998,1.8150000000000004,-4.781
1760586904.0,128.5,208.5,141.0,141.0,360.0,480.0,300.0,1.0359999999999996,2.2969999999999997,-5.031
1760586943.0,874.4723510742188,338.3960876464844,146.0,146.0,360.0,480.0,300.0,0.18299999999999983,-1.826,-3.641
1760586983.0,649.0,170.0,188.0,188.0,360.0,480.0,300.0,0.9830000000000001,-0.7229999999999999,-3.573
1760587023.0,625.0,317.0,166.0,166.0,360.0,480.0,300.0,0.31300000000000017,-0.702,-4.129
1760587063.0,151.0,74.5,152.0,149.0,360.0,480.0,300.0,1.7640000000000002,2.008,-4.601
1760587103.0,841.0,631.5,162.0,161.0,360.0,480.0,300.0,-1.414,-1.915,-4.241
1760587142.0,120.5,558.0,155.0,154.0,360.0,480.0,300.0,-1.063,2.152,-4.516
1760587183.0,501.0,273.5,140.0,141.0,360.0,480.0,300.0,0.629,-0.05500000000000016,-5.011
1760587225.0,898.83349609375,71.63084411621094,118.0,118.0,360.0,480.0,300.0,1.7489999999999997,-2.487,-4.77
1760587263.0,638.0,217.0,142.0,142.0,360.0,480.0,300.0,0.9740000000000002,-0.9119999999999999,-4.966
1760587305.0,930.0,643.5,60.0,153.0,360.0,480.0,300.0,1.9939999999999998,-1.9289999999999998,-4.82
1760587345.0,561.5,604.5,153.0,153.0,360.0,480.0,300.0,-1.339,-0.3969999999999998,-4.538
1760587384.0,536.0,103.5,168.0,169.0,360.0,480.0,300.0,1.4349999999999996,-0.21899999999999986,-4.066
1760587421.0,930.0,644.5,60.0,151.0,360.0,480.0,300.0,1.7530000000000001,-1.9569999999999999,-3.629
1760587462.0,518.0,584.0,164.0,164.0,360.0,480.0,300.0,-1.133,-0.133,-4.195
1760587501.0,929.5,644.0,61.0,152.0,360.0,480.0,300.0,1.931,-0.040999999999999925,-4.329
1760587543.0,517.5,4.6000001430511475,12.0,12.000000476837158,360.0,480.0,300.0,1.8250000000000002,-0.504,-4.406
1760587586.0,931.0,645.0,58.0,150.0,360.0,480.0,300.0,1.8579999999999997,-0.548,-4.133
1760587627.0,829.5,653.1690673828125,148.0,148.0,360.0,480.0,300.0,-1.575,-1.911,-4.295
1760587670.0,883.0,331.0,146.0,146.0,360.0,480.0,300.0,0.2559999999999998,-2.372,-4.793
1760587712.0,929.5,643.0,61.0,154.0,360.0,480.0,300.0,1.939,2.1740000000000004,-3.915
1760587752.0,154.5,626.0,149.0,150.0,360.0,480.0,300.0,-1.502,2.011,-4.686
1760587792.0,841.5,289.0,141.0,142.0,360.0,480.0,300.0,0.5270000000000001,-2.197,-4.967
1760587832.0,849.8333740234375,386.4999694824219,246.0,246.0,360.0,480.0,300.0,-0.8039999999999998,-2.191,-3.517
1760587873.0,870.5,3.5,10.0,10.0,360.0,480.0,300.0,1.62,-2.497,-4.574
1760587910.0,858.0,635.0,158.0,158.0,360.0,480.0,300.0,-1.474,-2.0620000000000003,-4.398
1760587948.0,424.0,562.5,170.0,171.0,360.0,480.0,300.0,-0.9780000000000002,0.3689999999999998,-4.003
1760587990.0,680.0,343.5,184.0,183.0,360.0,480.0,300.0,0.16100000000000003,-0.895,-3.6799999999999997
1760588029.0,283.0,309.5,170.0,169.0,360.0,480.0,300.0,0.34799999999999986,1.112,-4.043
1760588067.0,174.0,94.5,150.0,151.0,360.0,480.0,300.0,1.6470000000000002,1.883,-4.641
1760588104.0,857.5,3.5,12.0,12.0,360.0,480.0,300.0,1.2380000000000004,-2.104,-3.707
1760588144.0,280.5,441.0,163.0,164.0,360.0,480.0,300.0,-0.3620000000000001,1.1630000000000003,-4.214
1760588184.0,314.0,108.0,138.0,138.0,360.0,480.0,300.0,1.6989999999999998,1.1420000000000003,-5.122
1760588226.0,588.5,92.5,149.0,149.0,360.0,480.0,300.0,1.678,-0.5720000000000001,-4.687
1760588263.0,169.0,204.5,134.0,135.0,360.0,480.0,300.0,1.112,2.138,-5.276
1760588301.0,733.5,448.5,147.0,147.0,360.0,480.0,300.0,-0.45599999999999996,-1.456,-4.7780000000000005
1760588342.0,864.7145385742188,501.99452209472656,184.0,183.99996948242188,360.0,480.0,300.0,-1.187,-2.3609999999999998,-3.92
1760588384.0,442.0,349.0,154.0,154.0,360.0,480.0,300.0,0.14400000000000013,0.29600000000000026,-4.523
1760588424.0,642.0,253.0,138.0,138.0,360.0,480.0,300.0,0.7690000000000001,-0.9660000000000002,-5.15
1760588464.0,167.0,540.0,166.0,166.0,360.0,480.0,300.0,-0.8889999999999998,1.758,-4.127
1760588501.0,804.0,125.0,174.0,174.0,360.0,480.0,300.0,1.2839999999999998,-1.581,-3.8899999999999997
1760588541.0,634.5,238.0,143.0,144.0,360.0,480.0,300.0,0.8370000000000002,-0.879,-4.895
1760588581.0,192.5,269.5,143.0,143.0,360.0,480.0,300.0,0.6459999999999999,1.87,-4.928
1760588621.0,604.0,521.5,148.0,149.0,360.0,480.0,300.0,-0.8860000000000001,-0.665,-4.71
1760588662.0,635.5,180.5,143.0,143.0,360.0,480.0,300.0,1.1959999999999997,-0.8919999999999999,-4.924
1760588703.0,834.5,362.5,179.0,179.0,360.0,480.0,300.0,0.06800000000000006,-1.689,-3.776
1760588745.0,929.5,643.0,61.0,154.0,360.0,480.0,300.0,-1.623,1.4569999999999999,-3.932
1760588785.0,929.5,642.5,61.0,155.0,360.0,480.0,300.0,1.6189999999999998,-1.439,-3.592
1760588825.0,457.0,388.0,158.0,158.0,360.0,480.0,300.0,-0.07699999999999996,0.20500000000000007,-4.409
1760588866.0,523.0,533.0,146.0,146.0,360.0,480.0,300.0,-0.9689999999999999,-0.18400000000000016,-4.799
1760588907.0,929.5,643.5,61.0,153.0,360.0,480.0,300.0,-0.5129999999999999,2.2220000000000004,-3.952
1760588946.0,102.0,472.0,184.0,184.0,360.0,480.0,300.0,-0.46399999999999997,1.9100000000000001,-3.6799999999999997
1760588988.0,811.5,102.5,151.0,151.0,360.0,480.0,300.0,1.5979999999999999,-1.879,-4.6
1760589027.0,410.0,172.5,148.0,149.0,360.0,480.0,300.0,1.2030000000000003,0.49600000000000044,-4.693
1760589067.0,12.0,18.5,24.0,37.0,360.0,480.0,300.0,1.7859999999999996,2.3129999999999997,-3.6950000000000003
1760589107.0,746.5,614.5,139.0,139.0,360.0,480.0,300.0,-1.548,-1.63,-5.073
1760589147.0,848.0,532.5,174.0,173.0,360.0,480.0,300.0,-0.8050000000000002,-1.818,-3.927
1760589186.0,789.5,550.0,135.0,136.0,360.0,480.0,300.0,-1.167,-1.956,-5.233
1760589226.0,434.0,397.5,158.0,157.0,360.0,480.0,300.0,-0.13099999999999978,0.33699999999999974,-4.382
1760589264.0,214.0,116.0,168.0,168.0,360.0,480.0,300.0,1.3719999999999999,1.4859999999999998,-4.05
1760589306.0,930.5,645.5,59.0,149.0,360.0,480.0,300.0,1.8940000000000001,2.2300000000000004,-3.878
1760589343.0,572.3295288085938,78.78030395507812,142.0,142.0,360.0,480.0,300.0,1.4800000000000004,-0.387,-3.792
1760589383.0,333.5,605.0,133.0,134.0,360.0,480.0,300.0,-1.544,1.048,-5.321
1760589423.0,221.0,254.5,160.0,161.0,360.0,480.0,300.0,0.6659999999999999,1.5119999999999996,-4.3100000000000005
1760589463.0,798.0,593.0,162.0,162.0,360.0,480.0,300.0,-1.201,-1.67,-4.237
1760589503.0,435.5,319.5,137.0,137.0,360.0,480.0,300.0,0.3450000000000002,0.367,-5.148
1760589542.0,892.4369506835938,193.46945190429688,132.0,132.0,360.0,480.0,300.0,0.8399999999999999,-2.295,-4.332
1760589584.0,395.0,125.0,140.0,140.0,360.0,480.0,300.0,1.5709999999999997,0.617,-5.016
1760589622.0,579.5,566.5,179.0,179.0,360.0,480.0,300.0,-0.948,-0.41999999999999993,-3.792
1760589662.0,384.0,442.0,178.0,178.0,360.0,480.0,300.0,-0.3290000000000002,0.5590000000000002,-3.8120000000000003
1760589701.0,393.5,325.5,187.0,187.0,360.0,480.0,300.0,0.246,0.4900000000000002,-3.593
1760589739.0,170.5,99.0,133.0,132.0,360.0,480.0,300.0,1.8289999999999997,2.152,-5.353
1760589779.0,639.5,472.0,137.0,136.0,360.0,480.0,300.0,-0.6480000000000001,-0.9649999999999999,-5.188
1760589816.0,109.5,5.136363744735718,12.0,12.000000476837158,360.0,480.0,300.0,1.992,1.8319999999999999,-3.815
1760589853.0,279.5,173.5,163.0,163.0,360.0,480.0,300.0,1.0979999999999999,1.1719999999999997,-4.225
1760589893.0,722.5,517.5,179.0,179.0,360.0,480.0,300.0,-0.7069999999999999,-1.1360000000000001,-3.7720000000000002
1760589931.0,361.5,250.5,135.0,135.0,360.0,480.0,300.0,0.7999999999999998,0.8540000000000001,-5.21
1760589973.0,525.0,221.0,146.0,148.0,360.0,480.0,300.0,0.9209999999999998,-0.19499999999999984,-4.756
1760590010.0,11.5,22.0,23.0,44.0,360.0,480.0,300.0,1.8339999999999996,2.431,-3.634
1760590050.0,651.0,331.0,166.0,166.0,360.0,480.0,300.0,0.23399999999999999,-0.839,-4.129
1760590091.0,433.0,225.0,172.0,172.0,360.0,480.0,300.0,0.7810000000000001,0.3200000000000003,-3.942
1760590131.0,857.0,333.0,136.0,136.0,360.0,480.0,300.0,0.2589999999999999,-2.393,-5.212
1760590170.0,755.0,386.5,172.0,173.0,360.0,480.0,300.0,-0.053999999999999826,-1.339,-3.9539999999999997
1760590209.0,456.0,483.0,158.0,158.0,360.0,480.0,300.0,-0.6110000000000002,0.21300000000000008,-4.354
1760590250.0,665.5,363.0,133.0,134.0,360.0,480.0,300.0,0.06099999999999994,-1.1629999999999998,-5.317
1760590290.0,694.5,440.5,183.0,183.0,360.0,480.0,300.0,-0.31300000000000017,-0.9729999999999999,-3.693
1760590329.0,244.5,349.5,147.0,147.0,360.0,480.0,300.0,0.14400000000000013,1.5030000000000001,-4.741
1760590369.0,401.5,365.5,157.0,157.0,360.0,480.0,300.0,0.04899999999999993,0.5229999999999997,-4.411
1760590409.0,851.5,442.5,137.0,137.0,360.0,480.0,300.0,-0.45299999999999985,-2.341,-5.16
1760590449.0,655.5,537.0,167.0,168.0,360.0,480.0,300.0,-0.8599999999999999,-0.8570000000000002,-4.064
1760590487.0,553.5,266.5,161.0,161.0,360.0,480.0,300.0,0.5960000000000001,-0.32799999999999985,-4.253
1760590527.0,931.5,645.5,57.0,149.0,360.0,480.0,300.0,0.3599999999999999,2.2039999999999997,-3.535
1760590567.0,739.0,406.5,142.0,141.0,360.0,480.0,300.0,-0.20999999999999996,-1.552,-5.004
1760590610.0,618.0,186.5,136.0,137.0,360.0,480.0,300.0,1.21,-0.8199999999999998,-5.147
1760590649.0,940.0,26.0,40.0,52.0,360.0,480.0,300.0,0.8740000000000001,-2.2729999999999997,-3.667
1760590689.0,244.5,636.0,161.0,162.0,360.0,480.0,300.0,-1.44,1.3739999999999997,-4.2379999999999995
1760590731.0,231.0,199.5,138.0,137.0,360.0,480.0,300.0,1.1180000000000003,1.686,-5.156
1760590770.0,103.0,143.0,138.0,138.0,360.0,480.0,300.0,1.4720000000000004,2.4960000000000004,-5.088
1760590808.0,504.0,276.5,148.0,147.0,360.0,480.0,300.0,0.585,-0.06599999999999984,-4.749
1760590848.0,837.5,471.5,137.0,137.0,360.0,480.0,300.0,-0.6379999999999999,-2.2350000000000003,-5.152
1760590888.0,709.5,257.0,145.0,146.0,360.0,480.0,300.0,0.71,-1.3250000000000002,-4.795
1760590930.0,408.5,581.5,141.0,141.0,360.0,480.0,300.0,-1.321,0.5289999999999999,-5.0120000000000005
1760590970.0,694.0,262.0,138.0,138.0,360.0,480.0,300.0,0.7130000000000001,-1.306,-5.123
1760591010.0,582.0,219.0,148.0,148.0,360.0,480.0,300.0,0.9300000000000002,-0.536,-4.742
1760591052.0,457.5,324.5,155.0,155.0,360.0,480.0,300.0,0.2829999999999999,0.20399999999999974,-4.4879999999999995
1760591090.0,183.0,113.5,160.0,161.0,360.0,480.0,300.0,1.4489999999999998,1.7240000000000002,-4.318
1760591129.0,120.5,164.5,141.0,141.0,360.0,480.0,300.0,1.3150000000000004,2.351,-5.02
1760591168.0,485.5,482.5,155.0,155.0,360.0,480.0,300.0,-0.6219999999999999,0.04499999999999993,-4.465
1760591208.0,717.0,376.0,138.0,138.0,360.0,480.0,300.0,-0.02499999999999991,-1.4529999999999998,-5.101
1760591248.0,407.5,74.5,143.0,143.0,360.0,480.0,300.0,1.846,0.5259999999999998,-4.878
1760591290.0,720.0,588.0,156.0,156.0,360.0,480.0,300.0,-1.217,-1.291,-4.41
1760591330.0,490.5,120.5,167.0,167.0,360.0,480.0,300.0,1.3559999999999999,0.02200000000000024,-4.102
1760591372.0,611.5,154.5,163.0,163.0,360.0,480.0,300.0,1.202,-0.6429999999999998,-4.203
1760591411.0,339.92608642578125,645.951416015625,144.0,144.0,360.0,480.0,300.0,-1.444,0.5860000000000003,-3.875
1760591451.0,857.0,489.0,156.0,156.0,360.0,480.0,300.0,-0.6549999999999998,-2.072,-4.437
1760591491.0,207.5,279.5,153.0,153.0,360.0,480.0,300.0,0.5499999999999998,1.6589999999999998,-4.548
1760591533.0,410.5,609.5,173.0,173.0,360.0,480.0,300.0,-1.207,0.43599999999999994,-3.965
1760591570.0,520.0,567.5,184.0,185.0,360.0,480.0,300.0,-0.9180000000000001,-0.11699999999999999,-3.62
1760591612.0,375.5,407.0,135.0,136.0,360.0,480.0,300.0,-0.2250000000000001,0.7599999999999998,-5.215
1760591651.0,542.0,584.5,152.0,151.0,360.0,480.0,300.0,-1.239,-0.2879999999999998,-4.616
1760591691.0,627.0,599.0,174.0,174.0,360.0,480.0,300.0,-1.144,-0.6749999999999998,-3.9050000000000002
1760591730.0,224.0,249.5,178.0,179.0,360.0,480.0,300.0,0.6320000000000001,1.359,-3.792
1760591770.0,406.0,361.0,168.0,168.0,360.0,480.0,300.0,0.07699999999999996,0.4690000000000003,-4.0760000000000005
1760591810.0,508.0,399.0,146.0,146.0,360.0,480.0,300.0,-0.1589999999999998,-0.0950000000000002,-4.809
1760591848.0,445.5,592.0,187.0,188.0,360.0,480.0,300.0,-1.021,0.23800000000000043,-3.584
1760591885.0,803.0,359.0,144.0,144.0,360.0,480.0,300.0,0.08899999999999997,-1.9169999999999998,-4.882
1760591925.0,5.0,38.5,12.0,12.0,360.0,480.0,300.0,1.5499999999999998,2.49,-4.146
1760591965.0,77.5,463.5,149.0,149.0,360.0,480.0,300.0,-0.5409999999999999,2.492,-4.717
1760592006.0,192.5,388.5,137.0,137.0,360.0,480.0,300.0,-0.1070000000000002,1.9489999999999998,-5.164
1760592045.0,622.0,393.5,166.0,167.0,360.0,480.0,300.0,-0.10000000000000009,-0.6789999999999998,-4.115
1760592083.0,625.0,284.0,140.0,140.0,360.0,480.0,300.0,0.5630000000000002,-0.8399999999999999,-5.034
1760592125.0,651.0,502.5,170.0,171.0,360.0,480.0,300.0,-0.6640000000000001,-0.8159999999999998,-4.014
1760592166.0,122.0,156.5,174.0,175.0,360.0,480.0,300.0,1.12,1.9029999999999996,-3.878
1760592205.0,342.5,390.0,157.0,158.0,360.0,480.0,300.0,-0.08899999999999997,0.851,-4.379
1760592243.0,858.5,640.5,159.0,159.0,360.0,480.0,300.0,-1.491,-2.0460000000000003,-4.322
1760592283.0,725.0,399.5,160.0,159.0,360.0,480.0,300.0,-0.14000000000000012,-1.295,-4.345
1760592323.0,406.5,532.5,133.0,133.0,360.0,480.0,300.0,-1.077,0.5679999999999996,-5.333
1760592365.0,477.0,502.5,170.0,169.0,360.0,480.0,300.0,-0.6680000000000001,0.09199999999999964,-4.054
1760592407.0,876.2572021484375,305.0,182.0,182.0,360.0,480.0,300.0,-0.19700000000000006,-2.3680000000000003,-4.144
1760592449.0,270.0,578.0,186.0,186.0,360.0,480.0,300.0,-0.9670000000000001,1.0830000000000002,-3.584
1760592489.0,929.5,642.5,61.0,155.0,360.0,480.0,300.0,1.617,-0.798,-3.944
1760592527.0,525.5,133.5,135.0,135.0,360.0,480.0,300.0,1.5709999999999997,-0.22199999999999998,-5.271
1760592569.0,513.0,305.0,132.0,132.0,360.0,480.0,300.0,0.44799999999999995,-0.14500000000000002,-5.348
1760592607.0,244.5,175.5,139.0,139.0,360.0,480.0,300.0,1.2539999999999996,1.5739999999999998,-5.0280000000000005
1760592649.0,726.5,257.5,139.0,139.0,360.0,480.0,300.0,0.7370000000000001,-1.5059999999999998,-5.083
1760592691.0,604.0,408.0,166.0,166.0,360.0,480.0,300.0,-0.17600000000000016,-0.5880000000000001,-4.1419999999999995
1760592731.0,796.0,236.5,186.0,187.0,360.0,480.0,300.0,0.6720000000000002,-1.4380000000000002,-3.585
1760592773.0,864.87890625,581.20263671875,180.0,180.0,360.0,480.0,300.0,-1.559,-2.463,-4.106
1760592815.0,808.0,95.5,158.0,157.0,360.0,480.0,300.0,1.5780000000000003,-1.782,-4.427
1760592854.0,74.5,527.0,149.0,154.0,360.0,480.0,300.0,-0.883,2.425,-4.471
1760592895.0,842.0,422.5,170.0,169.0,360.0,480.0,300.0,-0.24800000000000022,-1.8250000000000002,-4.047
1760592935.0,680.7547607421875,64.00606536865234,118.0,118.0,360.0,480.0,300.0,1.8339999999999996,-1.1179999999999999,-4.671
1760592974.0,930.0,644.0,60.0,152.0,360.0,480.0,300.0,-1.434,1.7240000000000002,-3.569
1760593014.0,727.0,94.5,168.0,169.0,360.0,480.0,300.0,1.4829999999999997,-1.229,-4.042
1760593054.0,335.0860290527344,624.9353637695312,186.0,186.0,360.0,480.0,300.0,-1.468,-0.09299999999999997,-3.609
1760593093.0,586.5,324.0,177.0,178.0,360.0,480.0,300.0,0.262,-0.4580000000000002,-3.819
1760593133.0,325.5,4.5,14.0,14.0,360.0,480.0,300.0,1.6500000000000004,0.4500000000000002,-3.6799999999999997
1760593173.0,384.0,640.5,156.0,159.0,360.0,480.0,300.0,-1.507,0.6210000000000004,-4.4030000000000005
1760593210.0,741.0,539.0,152.0,152.0,360.0,480.0,300.0,-0.9649999999999999,-1.4540000000000002,-4.5600000000000005
1760593251.0,407.0,82.0,140.0,140.0,360.0,480.0,300.0,1.8499999999999996,0.5410000000000004,-5.055
1760593288.0,929.5,644.5,61.0,151.0,360.0,480.0,300.0,-0.4820000000000002,2.3840000000000003,-3.76
1760593329.0,588.0,411.0,154.0,154.0,360.0,480.0,300.0,-0.2160000000000002,-0.5459999999999998,-4.487
1760593368.0,150.5,541.5,167.0,167.0,360.0,480.0,300.0,-0.8879999999999999,1.8339999999999996,-4.11
1760593406.0,613.5,254.5,169.0,169.0,360.0,480.0,300.0,0.6379999999999999,-0.6259999999999999,-4.045
1760593443.0,340.0,509.0,188.0,188.0,360.0,480.0,300.0,-0.625,0.7400000000000002,-3.5629999999999997
1760593482.0,613.0,269.5,164.0,163.0,360.0,480.0,300.0,0.573,-0.649,-4.219
1760593520.0,229.5,172.5,137.0,135.0,360.0,480.0,300.0,1.3019999999999996,1.7080000000000002,-5.184
1760593561.0,96.0,470.0,154.0,154.0,360.0,480.0,300.0,-0.5590000000000002,2.3,-4.51
1760593600.0,295.0,115.5,138.0,137.0,360.0,480.0,300.0,1.6660000000000004,1.2770000000000001,-5.15
1760593640.0,689.0,413.5,146.0,147.0,360.0,480.0,300.0,-0.24299999999999988,-1.19,-4.774
1760593681.0,231.5,212.5,149.0,149.0,360.0,480.0,300.0,0.9649999999999999,1.561,-4.711
1760593720.0,231.5,585.0,139.0,140.0,360.0,480.0,300.0,-1.357,1.662,-5.095
1760593762.0,693.0,98.0,186.0,186.0,360.0,480.0,300.0,1.335,-0.9460000000000002,-3.6029999999999998
1760593804.0,929.5,643.5,61.0,153.0,360.0,480.0,300.0,1.5510000000000002,0.23800000000000043,-3.635
1760593845.0,734.5,143.0,159.0,160.0,360.0,480.0,300.0,1.2910000000000004,-1.342,-4.302
1760593888.0,823.5,138.0,143.0,142.0,360.0,480.0,300.0,1.4619999999999997,-2.065,-4.944
1760593931.0,832.5,217.5,177.0,177.0,360.0,480.0,300.0,0.798,-1.6989999999999998,-3.808
1760593973.0,639.5,310.5,135.0,135.0,360.0,480.0,300.0,0.4049999999999998,-0.9750000000000001,-5.271
1760594015.0,527.5,479.0,135.0,136.0,360.0,480.0,300.0,-0.6970000000000001,-0.23499999999999988,-5.218
1760594054.0,322.0,529.0,150.0,150.0,360.0,480.0,300.0,-0.923,1.013,-4.644
1760594092.0,512.5,590.5,159.0,159.0,360.0,480.0,300.0,-1.213,-0.1070000000000002,-4.353
1760594131.0,317.0,384.0,180.0,180.0,360.0,480.0,300.0,-0.03799999999999981,0.8819999999999997,-3.732
1760594172.0,583.5,190.0,157.0,158.0,360.0,480.0,300.0,1.0410000000000004,-0.508,-4.372
1760594211.0,181.5,644.0,155.0,152.0,360.0,480.0,300.0,-1.553,1.782,-4.458
1760594248.0,856.5,109.0,187.0,188.0,360.0,480.0,300.0,1.2750000000000004,-1.7160000000000002,-3.593
1760594288.0,383.0,352.0,172.0,172.0,360.0,480.0,300.0,0.121,0.5800000000000001,-3.965
1760594328.0,536.5,623.5,169.0,169.0,360.0,480.0,300.0,-1.311,-0.22299999999999986,-4.042
1760594368.0,436.0,263.5,144.0,145.0,360.0,480.0,300.0,0.6749999999999998,0.34799999999999986,-4.8629999999999995
1760594410.0,71.5,466.41339111328125,128.0,128.0,360.0,480.0,300.0,-0.5089999999999999,2.325,-4.282
1760594452.0,595.0,529.5,166.0,165.0,360.0,480.0,300.0,-0.831,-0.5409999999999999,-4.129
1760594494.0,216.0,282.0,138.0,138.0,360.0,480.0,300.0,0.5790000000000002,1.7759999999999998,-5.14
1760594531.0,473.5,456.5,169.0,169.0,360.0,480.0,300.0,-0.42799999999999994,0.10899999999999999,-4.057
1760594569.0,162.5,144.0,149.0,150.0,360.0,480.0,300.0,1.3680000000000003,1.9699999999999998,-4.6850000000000005
1760594607.0,806.0,340.5,140.0,141.0,360.0,480.0,300.0,0.20299999999999985,-1.9860000000000002,-5.0280000000000005
1760594647.0,501.0,428.0,148.0,148.0,360.0,480.0,300.0,-0.32799999999999985,-0.051000000000000156,-4.744
1760594688.0,889.6123046875,497.57203674316406,136.0,135.99996948242188,360.0,480.0,300.0,-0.8980000000000001,-2.407,-4.436
1760594728.0,570.5,131.0,189.0,188.0,360.0,480.0,300.0,1.1639999999999997,-0.351,-3.559
1760594768.0,458.0,373.0,148.0,148.0,360.0,480.0,300.0,0.0019999999999997797,0.20699999999999985,-4.731
1760594810.0,846.5,350.5,151.0,151.0,360.0,480.0,300.0,0.1379999999999999,-2.081,-4.592
1760594852.0,929.5,644.5,61.0,151.0,360.0,480.0,300.0,1.6580000000000004,0.46799999999999997,-3.7649999999999997
1760594893.0,149.5,118.0,145.0,146.0,360.0,480.0,300.0,1.5590000000000002,2.0970000000000004,-4.813
1760594932.0,225.0,309.5,148.0,147.0,360.0,480.0,300.0,0.3839999999999999,1.6130000000000004,-4.724
1760594972.0,884.5443725585938,502.7032470703125,148.0,148.0,360.0,480.0,300.0,-0.8050000000000002,-2.126,-3.926
1760595012.0,707.5,92.0,135.0,136.0,360.0,480.0,300.0,1.8390000000000004,-1.4180000000000001,-5.236
1760595051.0,598.5,182.5,139.0,139.0,360.0,480.0,300.0,1.2190000000000003,-0.6840000000000002,-5.067
1760595091.0,383.3944396972656,641.7711181640625,152.0,152.0,360.0,480.0,300.0,-1.427,0.26700000000000035,-3.8200000000000003
1760595134.0,6.153846502304077,308.0,14.000000476837158,14.0,360.0,480.0,300.0,0.14800000000000013,2.3659999999999997,-4.025
1760595171.0,684.5,436.5,141.0,141.0,360.0,480.0,300.0,-0.4039999999999999,-1.217,-4.986
1760595211.0,113.5,619.0,175.0,176.0,360.0,480.0,300.0,-1.233,1.9349999999999996,-3.8449999999999998
1760595252.0,499.0,364.0,178.0,178.0,360.0,480.0,300.0,0.05799999999999983,-0.020000000000000018,-3.801
1760595292.0,393.0,566.5,150.0,151.0,360.0,480.0,300.0,-1.135,0.5890000000000004,-4.602
1760595331.0,306.0,633.5,174.0,173.0,360.0,480.0,300.0,-1.321,0.9649999999999999,-3.9
1760595373.0,714.0,379.5,176.0,175.0,360.0,480.0,300.0,-0.017999999999999794,-1.113,-3.866
1760595414.0,320.5,293.5,139.0,139.0,360.0,480.0,300.0,0.5070000000000001,1.096,-5.059
1760595456.0,571.5,231.5,179.0,179.0,360.0,480.0,300.0,0.722,-0.3799999999999999,-3.79
1760595496.0,750.0,299.0,138.0,138.0,360.0,480.0,300.0,0.4740000000000002,-1.6629999999999998,-5.145
1760595536.0,249.0,102.0,150.0,150.0,360.0,480.0,300.0,1.6109999999999998,1.447,-4.633
1760595577.0,571.0,75.5,156.0,151.0,360.0,480.0,300.0,1.713,-0.43999999999999995,-4.407
1760595618.0,617.5,565.0,155.0,156.0,360.0,480.0,300.0,-1.094,-0.7109999999999999,-4.442
1760595660.0,480.5,243.0,155.0,154.0,360.0,480.0,300.0,0.754,0.07399999999999984,-4.5120000000000005
1760595702.0,421.5,595.5,167.0,167.0,360.0,480.0,300.0,-1.175,0.38699999999999957,-4.072
1760595744.0,843.0,471.0,168.0,168.0,360.0,480.0,300.0,-0.5059999999999998,-1.8450000000000002,-4.077
1760595781.0,394.3739318847656,642.7664794921875,148.0,148.0,360.0,480.0,300.0,-1.503,0.1769999999999996,-3.951
1760595821.0,192.5,490.0,143.0,142.0,360.0,480.0,300.0,-0.73,1.8710000000000004,-4.942
1760595860.0,754.0,391.0,142.0,142.0,360.0,480.0,300.0,-0.1160000000000001,-1.638,-4.948
1760595900.0,891.3494262695312,246.87116241455078,132.0,131.99998474121094,360.0,480.0,300.0,0.5409999999999999,-2.324,-4.369
1760595940.0,250.5,442.0,149.0,150.0,360.0,480.0,300.0,-0.4089999999999998,1.4429999999999996,-4.692
1760595980.0,320.0,204.0,166.0,166.0,360.0,480.0,300.0,0.9159999999999999,0.9329999999999998,-4.099
1760596020.0,710.0,107.5,136.0,137.0,360.0,480.0,300.0,1.7190000000000003,-1.4180000000000001,-5.197
1760596062.0,839.0,176.0,174.0,174.0,360.0,480.0,300.0,1.021,-1.7610000000000001,-3.907
1760596102.0,644.0,479.0,172.0,172.0,360.0,480.0,300.0,-0.5379999999999998,-0.774,-3.979
1760596143.0,611.5,174.0,189.0,190.0,360.0,480.0,300.0,0.9540000000000002,-0.54,-3.5140000000000002
1760596184.0,585.5,218.5,155.0,155.0,360.0,480.0,300.0,0.891,-0.528,-4.463
1760596226.0,624.0,191.0,144.0,144.0,360.0,480.0,300.0,1.1230000000000002,-0.8090000000000002,-4.842
1760596264.0,672.5,190.5,143.0,143.0,360.0,480.0,300.0,1.1390000000000002,-1.1230000000000002,-4.945
1760596301.0,525.0,550.5,150.0,151.0,360.0,480.0,300.0,-1.046,-0.18900000000000006,-4.649
1760596341.0,524.5,540.5,139.0,139.0,360.0,480.0,300.0,-1.071,-0.21099999999999985,-5.095
1760596381.0,139.0,5.333333730697632,14.0,14.000000476837158,360.0,480.0,300.0,1.9539999999999997,1.6440000000000001,-3.7969999999999997
1760596418.0,718.5,618.0,189.0,190.0,360.0,480.0,300.0,-1.134,-1.0470000000000002,-3.535
1760596455.0,710.0,611.0,148.0,148.0,360.0,480.0,300.0,-1.426,-1.3039999999999998,-4.711
1760596496.0,814.0,108.5,162.0,161.0,360.0,480.0,300.0,1.4649999999999999,-1.7610000000000001,-4.252
1760596535.0,888.1192016601562,196.0,160.0,160.0,360.0,480.0,300.0,0.9009999999999998,-1.968,-3.8049999999999997
1760596578.0,887.9503173828125,163.0,162.0,162.0,360.0,480.0,300.0,0.7949999999999999,-2.286,-4.194
1760596618.0,616.5,282.0,153.0,154.0,360.0,480.0,300.0,0.5310000000000001,-0.7149999999999999,-4.52
1760596660.0,732.5,541.5,137.0,137.0,360.0,480.0,300.0,-1.092,-1.557,-5.162
1760596700.0,451.0,222.0,134.0,134.0,360.0,480.0,300.0,0.9940000000000002,0.26700000000000035,-5.274
1760596737.0,713.0,613.0,136.0,136.0,360.0,480.0,300.0,-1.57,-1.4460000000000002,-5.205
1760596775.0,588.5,572.5,167.0,167.0,360.0,480.0,300.0,-1.051,-0.5030000000000001,-4.104
1760596815.0,121.0,532.5,190.0,189.0,360.0,480.0,300.0,-0.73,1.7640000000000002,-3.537
1760596855.0,546.5,5.136363744735718,12.0,12.000000476837158,360.0,480.0,300.0,1.8639999999999999,-0.3250000000000002,-3.541
1760596895.0,397.5,540.5,185.0,185.0,360.0,480.0,300.0,-0.7869999999999999,0.4720000000000004,-3.636
1760596935.0,291.0,286.5,136.0,135.0,360.0,480.0,300.0,0.5609999999999999,1.314,-5.19
1760596975.0,859.299072265625,594.5,220.0,220.0,360.0,480.0,300.0,-1.58,-2.378,-3.865
1760597012.0,256.5,296.5,153.0,153.0,360.0,480.0,300.0,0.44700000000000006,1.3719999999999999,-4.55
1760597050.0,320.0,342.0,160.0,160.0,360.0,480.0,300.0,0.17899999999999983,0.9660000000000002,-4.335
1760597089.0,385.0,294.5,138.0,137.0,360.0,480.0,300.0,0.5030000000000001,0.6909999999999998,-5.144
1760597129.0,682.0,425.0,140.0,140.0,360.0,480.0,300.0,-0.33000000000000007,-1.209,-5.016
1760597166.0,734.0,577.0,152.0,152.0,360.0,480.0,300.0,-1.19,-1.411,-4.578
1760597204.0,893.6018676757812,68.60248184204102,120.0,119.99999237060547,360.0,480.0,300.0,1.7939999999999996,-2.362,-4.599
1760597246.0,108.5,404.5,141.0,141.0,360.0,480.0,300.0,-0.20100000000000007,2.428,-5.027
1760597286.0,222.5,139.5,159.0,159.0,360.0,480.0,300.0,1.3129999999999997,1.5190000000000001,-4.338
1760597326.0,752.5,197.5,171.0,171.0,360.0,480.0,300.0,0.9289999999999998,-1.3450000000000002,-3.976
1760597367.0,557.5,386.5,141.0,141.0,360.0,480.0,300.0,-0.08499999999999996,-0.4119999999999999,-5.003
1760597409.0,766.0,321.0,140.0,140.0,360.0,480.0,300.0,0.32699999999999996,-1.729,-5.024
1760597448.0,791.0,632.61474609375,198.0,198.0,360.0,480.0,300.0,-1.407,-1.697,-3.552
1760597488.0,696.5,235.5,181.0,181.0,360.0,480.0,300.0,0.694,-0.9900000000000002,-3.709
1760597528.0,482.5,485.0,139.0,138.0,360.0,480.0,300.0,-0.7189999999999999,0.05999999999999961,-5.112
1760597565.0,801.0,449.5,156.0,155.0,360.0,480.0,300.0,-0.43100000000000005,-1.755,-4.46
1760597607.0,583.0,128.0,158.0,158.0,360.0,480.0,300.0,1.391,-0.5049999999999999,-4.402
1760597646.0,929.5,642.5,61.0,155.0,360.0,480.0,300.0,-1.528,2.3070000000000004,-4.01
1760597686.0,585.0,562.0,144.0,144.0,360.0,480.0,300.0,-1.163,-0.573,-4.853
1760597726.0,480.0,535.5,148.0,147.0,360.0,480.0,300.0,-0.9790000000000001,0.07599999999999962,-4.744
1760597769.0,879.5,265.5,161.0,165.0,360.0,480.0,300.0,0.5920000000000001,-2.099,-4.2
1760597809.0,798.0,354.0,152.0,152.0,360.0,480.0,300.0,0.1160000000000001,-1.798,-4.628
1760597848.0,454.5,278.5,169.0,169.0,360.0,480.0,300.0,0.5099999999999998,0.20899999999999963,-4.062
1760597886.0,636.5,82.0,137.0,138.0,360.0,480.0,300.0,1.875,-0.9329999999999998,-5.146
1760597925.0,422.5,196.5,135.0,135.0,360.0,480.0,300.0,1.1580000000000004,0.45500000000000007,-5.28
1760597965.0,568.0,429.5,134.0,135.0,360.0,480.0,300.0,-0.3780000000000001,-0.5070000000000001,-5.28
1760598004.0,848.0,82.5,140.0,139.0,360.0,480.0,300.0,1.8529999999999998,-2.2720000000000002,-5.087
1760598045.0,637.0,516.0,178.0,178.0,360.0,480.0,300.0,-0.7000000000000002,-0.7080000000000002,-3.7809999999999997
1760598087.0,206.5,622.5,137.0,137.0,360.0,480.0,300.0,-1.622,1.8529999999999998,-5.193
1760598129.0,359.5,450.5,187.0,187.0,360.0,480.0,300.0,-0.3500000000000001,0.6520000000000001,-3.575
1760598168.0,797.5,179.0,137.0,138.0,360.0,480.0,300.0,1.2539999999999996,-1.9809999999999999,-5.166
1760598212.0,321.5,89.0,163.0,164.0,360.0,480.0,300.0,1.5599999999999996,0.9420000000000002,-4.2219999999999995
1760598249.0,367.0,610.5,188.0,189.0,360.0,480.0,300.0,-1.105,0.6120000000000001,-3.5300000000000002
1760598286.0,155.0,264.0,170.0,170.0,360.0,480.0,300.0,0.5830000000000002,1.7759999999999998,-4.01
1760598323.0,763.5,193.0,393.0,386.0,360.0,480.0,300.0,3.588,1.716,1.722
1760598367.0,362.5001220703125,639.3363037109375,180.0,180.0,360.0,480.0,300.0,-1.402,0.28200000000000003,-3.693
1760598406.0,762.0,477.0,172.0,172.0,360.0,480.0,300.0,-0.5249999999999999,-1.3860000000000001,-3.9379999999999997
1760598445.0,527.0,435.0,166.0,166.0,360.0,480.0,300.0,-0.3210000000000002,-0.17600000000000016,-4.118
1760598483.0,197.5,95.5,151.0,151.0,360.0,480.0,300.0,1.6440000000000001,1.745,-4.627
1760598525.0,804.0,523.0,162.0,162.0,360.0,480.0,300.0,-0.8130000000000002,-1.7029999999999998,-4.221
1760598571.0,930.5,644.0,59.0,152.0,360.0,480.0,300.0,-1.182,2.2329999999999997,-3.752
1760598611.0,740.5,78.0,139.0,140.0,360.0,480.0,300.0,1.8780000000000001,-1.584,-5.062
1760598649.0,854.5,301.0,135.0,136.0,360.0,480.0,300.0,0.4670000000000001,-2.378,-5.212
1760598691.0,305.0,518.5,148.0,149.0,360.0,480.0,300.0,-0.8700000000000001,1.1230000000000002,-4.697
1760598730.0,98.5,384.5,175.0,175.0,360.0,480.0,300.0,-0.04599999999999982,2.019,-3.88
1760598768.0,720.5,567.5,141.0,141.0,360.0,480.0,300.0,-1.222,-1.435,-4.992
1760598810.0,557.5,141.5,143.0,143.0,360.0,480.0,300.0,1.436,-0.40600000000000014,-4.926
1760598849.0,353.0,591.5,188.0,187.0,360.0,480.0,300.0,-1.024,0.681,-3.5540000000000003
1760598891.0,244.0,331.0,136.0,136.0,360.0,480.0,300.0,0.26900000000000013,1.6159999999999997,-5.197
1760598931.0,138.0,598.0,158.0,158.0,360.0,480.0,300.0,-1.259,2.005,-4.3740000000000006
1760598970.0,142.0,607.0,184.0,184.0,360.0,480.0,300.0,-1.114,1.7119999999999997,-3.633
1760599010.0,334.5,394.5,173.0,173.0,360.0,480.0,300.0,-0.09699999999999998,0.827,-3.952
1760599049.0,678.0,183.0,140.0,140.0,360.0,480.0,300.0,1.2039999999999997,-1.182,-5.023
1760599090.0,567.5,530.5,133.0,133.0,360.0,480.0,300.0,-1.054,-0.5049999999999999,-5.319
1760599132.0,758.5,323.5,145.0,145.0,360.0,480.0,300.0,0.30600000000000005,-1.6309999999999998,-4.824
1760599174.0,235.5,198.5,153.0,153.0,360.0,480.0,300.0,1.016,1.495,-4.527
1760599214.0,402.0,430.0,134.0,134.0,360.0,480.0,300.0,-0.387,0.5970000000000004,-5.313
1760599254.0,240.0,335.0,168.0,168.0,360.0,480.0,300.0,0.2120000000000002,1.3529999999999998,-4.079
1760599293.0,434.0,420.5,140.0,139.0,360.0,480.0,300.0,-0.30500000000000016,0.3689999999999998,-5.043
1760599330.0,347.5,111.0,167.0,168.0,360.0,480.0,300.0,1.4050000000000002,0.7789999999999999,-4.073
1760599370.0,33.0,3.5625,10.0,10.0,360.0,480.0,300.0,1.928,2.093,-4.6
1760599408.0,149.0,103.5,146.0,147.0,360.0,480.0,300.0,1.6349999999999998,2.085,-4.781
1760599450.0,301.0,120.0,136.0,136.0,360.0,480.0,300.0,1.6479999999999997,1.2460000000000004,-5.224
1760599490.0,487.0,258.0,136.0,136.0,360.0,480.0,300.0,0.7450000000000001,0.03000000000000025,-5.195
1760599530.0,327.09234619140625,70.46178817749023,128.0,128.00000762939453,360.0,480.0,300.0,1.6639999999999997,0.9130000000000003,-4.2620000000000005
1760599572.0,328.5,534.0,139.0,140.0,360.0,480.0,300.0,-1.031,1.0430000000000001,-5.06
1760599612.0,529.0,415.0,136.0,136.0,360.0,480.0,300.0,-0.278,-0.24299999999999988,-5.195
1760599649.0,394.34197998046875,639.7708740234375,156.0,156.0,360.0,480.0,300.0,-1.494,0.03699999999999992,-3.864
1760599691.0,207.5,458.0,137.0,136.0,360.0,480.0,300.0,-0.5590000000000002,1.8499999999999996,-5.205
1760599730.0,763.0,193.0,394.0,386.0,360.0,480.0,300.0,4.985,3.378,1.67
1760599770.0,161.0,509.5,172.0,171.0,360.0,480.0,300.0,-0.6970000000000001,1.7320000000000002,-3.992
1760599810.0,265.5,415.5,181.0,181.0,360.0,480.0,300.0,-0.18999999999999995,1.1319999999999997,-3.697
1760599850.0,413.5,473.5,173.0,173.0,360.0,480.0,300.0,-0.504,0.4189999999999996,-3.918
1760599892.0,824.0,124.0,156.0,156.0,360.0,480.0,300.0,1.4290000000000003,-1.8860000000000001,-4.423
1760599932.0,794.0,257.5,152.0,153.0,360.0,480.0,300.0,0.6779999999999999,-1.755,-4.564
1760599971.0,625.0,436.0,132.0,132.0,360.0,480.0,300.0,-0.42700000000000005,-0.895,-5.355
1760600009.0,751.5,106.0,175.0,176.0,360.0,480.0,300.0,1.3710000000000004,-1.302,-3.867
1760600048.0,629.5,222.5,163.0,163.0,360.0,480.0,300.0,0.8319999999999999,-0.7410000000000001,-4.195
1760600086.0,718.5,449.5,145.0,145.0,360.0,480.0,300.0,-0.4710000000000001,-1.391,-4.871
1760600128.0,757.5,395.5,163.0,163.0,360.0,480.0,300.0,-0.11500000000000021,-1.44,-4.215
1760600168.0,164.5,308.5,181.0,181.0,360.0,480.0,300.0,0.3340000000000001,1.6319999999999997,-3.7119999999999997
1760600207.0,480.5,159.5,185.0,185.0,360.0,480.0,300.0,1.0460000000000003,0.07399999999999984,-3.634
1760600247.0,865.5,114.5,147.0,147.0,360.0,480.0,300.0,1.5659999999999998,-2.255,-4.775
1760600287.0,527.0,79.5,160.0,159.0,360.0,480.0,300.0,1.6440000000000001,-0.18400000000000016,-4.34
1760600327.0,782.0,322.0,158.0,158.0,360.0,480.0,300.0,0.29300000000000015,-1.625,-4.375
1760600364.0,364.0,242.5,164.0,165.0,360.0,480.0,300.0,0.7149999999999999,0.7039999999999997,-4.155
1760600403.0,752.0,194.0,160.0,160.0,360.0,480.0,300.0,1.0039999999999996,-1.435,-4.316
1760600442.0,336.0,119.0,178.0,178.0,360.0,480.0,300.0,1.2880000000000003,0.7960000000000003,-3.8049999999999997
1760600484.0,220.5,368.5,185.0,185.0,360.0,480.0,300.0,0.03799999999999981,1.3280000000000003,-3.614
1760600523.0,99.5,573.0,163.0,164.0,360.0,480.0,300.0,-1.081,2.149,-4.194
1760600562.0,75.78744506835938,260.45977783203125,134.0,134.0,360.0,480.0,300.0,0.6040000000000001,2.213,-4.073
1760600605.0,219.0,161.0,156.0,156.0,360.0,480.0,300.0,1.2169999999999996,1.5679999999999996,-4.465
1760600642.0,185.0,315.0,158.0,158.0,360.0,480.0,300.0,0.3330000000000002,1.7389999999999999,-4.3629999999999995
1760600682.0,235.0,316.5,180.0,181.0,360.0,480.0,300.0,0.29400000000000004,1.282,-3.739
1760600724.0,872.3172607421875,280.71795654296875,172.0,172.0,360.0,480.0,300.0,-0.1349999999999998,-2.262,-3.892
1760600762.0,158.39593505859375,627.1738891601562,180.0,180.0,360.0,480.0,300.0,-1.392,0.7779999999999996,-3.518
1760600799.0,929.5,643.5,61.0,153.0,360.0,480.0,300.0,1.7119999999999997,0.3860000000000001,-4.1129999999999995
1760600839.0,552.5,637.0,151.0,152.0,360.0,480.0,300.0,-1.543,-0.3500000000000001,-4.5969999999999995
1760600877.0,102.5,574.0,183.0,184.0,360.0,480.0,300.0,-0.9620000000000002,1.9139999999999997,-3.6479999999999997
1760600917.0,914.5,3.0,10.0,10.0,360.0,480.0,300.0,1.854,-2.379,-4.125
1760600956.0,332.0,433.0,172.0,172.0,360.0,480.0,300.0,-0.29700000000000015,0.8399999999999999,-3.974
1760600998.0,582.0,640.0,150.0,150.0,360.0,480.0,300.0,-1.579,-0.5299999999999998,-4.633
1760601036.0,740.0,97.0,180.0,180.0,360.0,480.0,300.0,1.3869999999999996,-1.214,-3.749
1760601075.0,701.0,502.5,158.0,159.0,360.0,480.0,300.0,-0.7189999999999999,-1.162,-4.37
1760601115.0,526.5,232.5,137.0,137.0,360.0,480.0,300.0,0.903,-0.22599999999999998,-5.173
1760601152.0,641.0,155.0,152.0,152.0,360.0,480.0,300.0,1.2800000000000002,-0.867,-4.5809999999999995
1760601193.0,741.0,465.0,140.0,140.0,360.0,480.0,300.0,-0.5870000000000002,-1.585,-5.053
1760601233.0,173.0,239.0,138.0,138.0,360.0,480.0,300.0,0.8570000000000002,2.051,-5.096
1760601274.0,473.5,179.5,133.0,133.0,360.0,480.0,300.0,1.2850000000000001,0.12100000000000044,-5.331
1760601312.0,392.5,302.5,133.0,133.0,360.0,480.0,300.0,0.46399999999999997,0.6609999999999996,-5.338
1760601354.0,696.0,439.0,158.0,158.0,360.0,480.0,300.0,-0.3660000000000001,-1.1440000000000001,-4.372
1760601394.0,272.0,297.0,160.0,160.0,360.0,480.0,300.0,0.43100000000000005,1.2329999999999997,-4.302
1760601432.0,795.0,306.0,136.0,136.0,360.0,480.0,300.0,0.43299999999999983,-1.983,-5.223
1760601474.0,4.681818008422852,83.5,14.0,14.0,360.0,480.0,300.0,1.306,2.4240000000000004,-3.5389999999999997
1760601514.0,228.0,506.0,172.0,172.0,360.0,480.0,300.0,-0.6760000000000002,1.3819999999999997,-3.941
1760601553.0,81.0,592.0,162.0,166.0,360.0,480.0,300.0,-1.167,2.232,-4.116
1760601593.0,836.5,7.5,18.0,18.0,360.0,480.0,300.0,0.8740000000000001,-2.123,-3.6310000000000002
1760601633.0,72.40518569946289,589.0680541992188,123.99999237060547,124.0,360.0,480.0,300.0,-1.217,2.377,-4.379
1760601673.0,726.0830688476562,77.06177139282227,136.0,135.99999237060547,360.0,480.0,300.0,1.5380000000000003,-1.1949999999999998,-3.925
1760601712.0,823.0,410.0,154.0,154.0,360.0,480.0,300.0,-0.20699999999999985,-1.9100000000000001,-4.5
1760601754.0,692.5,406.5,181.0,181.0,360.0,480.0,300.0,-0.14800000000000013,-0.9710000000000001,-3.699
1760601792.0,711.0,525.0,136.0,136.0,360.0,480.0,300.0,-1.001,-1.436,-5.202
1760601832.0,111.5,105.0,175.0,174.0,360.0,480.0,300.0,1.383,1.96,-3.916
1760601872.0,882.8203735351562,620.712646484375,138.0,138.0,360.0,480.0,300.0,-1.253,-1.984,-3.8979999999999997
1760601911.0,701.0,468.0,148.0,148.0,360.0,480.0,300.0,-0.5699999999999998,-1.255,-4.732
1760601953.0,365.0,496.5,164.0,163.0,360.0,480.0,300.0,-0.6629999999999998,0.7039999999999997,-4.2170000000000005
1760601992.0,340.0,512.5,138.0,139.0,360.0,480.0,300.0,-0.8980000000000001,0.9710000000000001,-5.102
1760602032.0,82.0,81.5,164.0,163.0,360.0,480.0,300.0,1.5659999999999998,2.1900000000000004,-4.054
1760602071.0,326.0,221.0,164.0,164.0,360.0,480.0,300.0,0.839,0.915,-4.204
1760602111.0,387.5,294.5,181.0,181.0,360.0,480.0,300.0,0.40200000000000014,0.532,-3.733
1760602148.0,372.0,528.5,140.0,139.0,360.0,480.0,300.0,-0.996,0.766,-5.065
1760602188.0,218.5,239.5,139.0,139.0,360.0,480.0,300.0,0.8450000000000002,1.7359999999999998,-5.061
1760602231.0,579.5,539.5,173.0,173.0,360.0,480.0,300.0,-0.8410000000000002,-0.43400000000000016,-3.902
1760602268.0,930.5,644.0,59.0,152.0,360.0,480.0,300.0,-0.6379999999999999,2.183,-3.8890000000000002
1760602308.0,147.5,344.5,157.0,157.0,360.0,480.0,300.0,0.16800000000000015,1.9569999999999999,-4.383
1760602348.0,757.0,327.5,170.0,171.0,360.0,480.0,300.0,0.2519999999999998,-1.3719999999999999,-3.976
1760602386.0,664.0,422.0,140.0,140.0,360.0,480.0,300.0,-0.31599999999999984,-1.093,-5.023
1760602425.0,219.5,386.0,149.0,150.0,360.0,480.0,300.0,-0.07399999999999984,1.6260000000000003,-4.683
1760602465.0,687.0,476.5,140.0,139.0,360.0,480.0,300.0,-0.6600000000000001,-1.2400000000000002,-5.051
1760602503.0,249.0,164.5,158.0,157.0,360.0,480.0,300.0,1.1840000000000002,1.38,-4.398
1760602543.0,891.7972412109375,559.0785522460938,134.0,134.0,360.0,480.0,300.0,-1.004,-2.145,-4.0969999999999995
1760602583.0,578.0,326.0,160.0,160.0,360.0,480.0,300.0,0.27,-0.4670000000000001,-4.282
1760602620.0,357.0,312.5,190.0,189.0,360.0,480.0,300.0,0.30600000000000005,0.6559999999999997,-3.521
1760602662.0,407.5,92.5,167.0,167.0,360.0,480.0,300.0,1.5119999999999996,0.4640000000000004,-4.127
1760602701.0,856.5,266.5,143.0,143.0,360.0,480.0,300.0,0.6629999999999998,-2.268,-4.9399999999999995
1760602741.0,551.5,581.5,147.0,147.0,360.0,480.0,300.0,-1.26,-0.3580000000000001,-4.749
1760602782.0,485.0,428.5,134.0,133.0,360.0,480.0,300.0,-0.3759999999999999,0.043999999999999595,-5.311
1760602825.0,243.5,368.0,171.0,170.0,360.0,480.0,300.0,0.039000000000000146,1.311,-3.997
1760602865.0,775.0,248.5,180.0,181.0,360.0,480.0,300.0,0.633,-1.384,-3.7560000000000002
1760602903.0,123.5,3.0,10.0,10.0,360.0,480.0,300.0,1.8040000000000003,1.4820000000000002,-4.164
1760602940.0,815.5,201.5,147.0,147.0,360.0,480.0,300.0,1.0350000000000001,-1.943,-4.717
1760602977.0,118.0,476.0,166.0,166.0,360.0,480.0,300.0,-0.5430000000000001,2.0250000000000004,-4.118
1760603018.0,363.5,385.5,147.0,147.0,360.0,480.0,300.0,-0.07399999999999984,0.7779999999999996,-4.765
1760603055.0,89.0,445.0,148.0,148.0,360.0,480.0,300.0,-0.43000000000000016,2.4210000000000003,-4.702
1760603095.0,143.5,563.0,185.0,186.0,360.0,480.0,300.0,-0.895,1.6929999999999996,-3.598
1760603135.0,621.0,537.0,168.0,168.0,360.0,480.0,300.0,-0.8570000000000002,-0.6720000000000002,-4.072
1760603175.0,801.0,265.0,144.0,144.0,360.0,480.0,300.0,0.669,-1.9060000000000001,-4.878
1760603213.0,374.0,455.0,136.0,136.0,360.0,480.0,300.0,-0.5419999999999998,0.7679999999999998,-5.215
1760603250.0,559.5,517.5,153.0,153.0,360.0,480.0,300.0,-0.8319999999999999,-0.3839999999999999,-4.531
1760603290.0,201.0,300.0,136.0,136.0,360.0,480.0,300.0,0.472,1.9020000000000001,-5.232
1760603329.0,694.5,121.5,165.0,165.0,360.0,480.0,300.0,1.3639999999999999,-1.08,-4.122
1760603370.0,800.0,223.0,140.0,140.0,360.0,480.0,300.0,0.9540000000000002,-1.9580000000000002,-5.029
1760603412.0,524.5,488.0,147.0,148.0,360.0,480.0,300.0,-0.6920000000000002,-0.19300000000000006,-4.752
1760603453.0,208.5,272.5,159.0,159.0,360.0,480.0,300.0,0.5680000000000001,1.5970000000000004,-4.359
1760603493.0,621.0,571.0,160.0,160.0,360.0,480.0,300.0,-1.095,-0.71,-4.297
1760603535.0,545.5,117.0,139.0,140.0,360.0,480.0,300.0,1.6340000000000003,-0.3420000000000001,-5.083
1760603572.0,701.0,324.5,132.0,133.0,360.0,480.0,300.0,0.31899999999999995,-1.4060000000000001,-5.336
1760603612.0,300.0,263.0,152.0,152.0,360.0,480.0,300.0,0.6499999999999999,1.1310000000000002,-4.598
1760603654.0,622.5,243.0,133.0,134.0,360.0,480.0,300.0,0.8559999999999999,-0.8690000000000002,-5.319
1760603694.0,746.0,369.0,134.0,134.0,360.0,480.0,300.0,0.021999999999999797,-1.6880000000000002,-5.276
1760603732.0,482.0,179.0,144.0,144.0,360.0,480.0,300.0,1.2009999999999996,0.06299999999999972,-4.885
1760603772.0,700.0,441.5,140.0,139.0,360.0,480.0,300.0,-0.43900000000000006,-1.3319999999999999,-5.1
1760603811.0,561.5,616.0,175.0,176.0,360.0,480.0,300.0,-1.218,-0.3380000000000001,-3.871
1760603850.0,194.5,372.5,167.0,167.0,360.0,480.0,300.0,0.0129999999999999,1.596,-4.105
1760603887.0,280.5,203.0,135.0,136.0,360.0,480.0,300.0,1.1130000000000004,1.3840000000000003,-5.258
1760603924.0,932.5,647.0,55.0,146.0,360.0,480.0,300.0,-1.623,0.07200000000000006,-3.509
1760603964.0,553.5,601.0,179.0,180.0,360.0,480.0,300.0,-1.115,-0.28900000000000015,-3.779
1760604003.0,104.5,455.0,161.0,162.0,360.0,480.0,300.0,-0.44300000000000006,2.1470000000000002,-4.259
1760604043.0,743.5,155.5,151.0,151.0,360.0,480.0,300.0,1.2889999999999997,-1.475,-4.634
1760604082.0,881.5,523.5,157.0,155.0,360.0,480.0,300.0,-0.8580000000000001,-2.225,-4.5
1760604120.0,702.5,581.0,169.0,170.0,360.0,480.0,300.0,-1.08,-1.093,-4.04
1760604162.0,637.0,445.0,142.0,142.0,360.0,480.0,300.0,-0.4540000000000002,-0.9100000000000001,-4.9719999999999995
1760604201.0,209.5,444.0,171.0,172.0,360.0,480.0,300.0,-0.3540000000000001,1.476,-3.982
1760604244.0,210.5,516.0,159.0,160.0,360.0,480.0,300.0,-0.79,1.5789999999999997,-4.337
1760604284.0,867.7066040039062,309.71478271484375,180.0,180.0,360.0,480.0,300.0,-0.20400000000000018,-2.091,-3.634
1760604324.0,104.0,401.5,186.0,185.0,360.0,480.0,300.0,-0.1200000000000001,1.8819999999999997,-3.592
1760604362.0,742.0,387.0,136.0,136.0,360.0,480.0,300.0,-0.09600000000000009,-1.641,-5.229
1760604402.0,474.5,454.5,145.0,145.0,360.0,480.0,300.0,-0.5009999999999999,0.1070000000000002,-4.869
1760604439.0,348.5,320.5,153.0,153.0,360.0,480.0,300.0,0.31199999999999983,0.8380000000000001,-4.555
1760604476.0,131.5,204.0,137.0,138.0,360.0,480.0,300.0,1.088,2.3259999999999996,-5.16
1760604513.0,746.0,110.5,172.0,171.0,360.0,480.0,300.0,1.3780000000000001,-1.3079999999999998,-3.976
1760604553.0,533.5,4.681818008422852,14.0,14.0,360.0,480.0,300.0,1.4690000000000003,-0.56,-3.5540000000000003
1760604590.0,575.0,495.0,170.0,170.0,360.0,480.0,300.0,-0.6259999999999999,-0.41999999999999993,-4.021
1760604630.0,327.0,325.0,134.0,134.0,360.0,480.0,300.0,0.31400000000000006,1.0910000000000002,-5.281
1760604670.0,607.0,282.5,144.0,145.0,360.0,480.0,300.0,0.5590000000000002,-0.7040000000000002,-4.835
1760604710.0,814.0,498.0,162.0,162.0,360.0,480.0,300.0,-0.6749999999999998,-1.7559999999999998,-4.259
1760604749.0,534.5,375.0,137.0,138.0,360.0,480.0,300.0,-0.016000000000000014,-0.2759999999999998,-5.156
1760604789.0,397.0,551.0,168.0,168.0,360.0,480.0,300.0,-0.9289999999999998,0.5149999999999997,-4.058
1760604829.0,432.0,277.5,166.0,167.0,360.0,480.0,300.0,0.524,0.33199999999999985,-4.111
1760604869.0,763.5,193.5,393.0,387.0,360.0,480.0,300.0,1.976,5.611,0.403
1760604909.0,782.5,624.6407470703125,210.0,210.0,360.0,480.0,300.0,1.508,2.169,1.361
1760604946.0,875.5,242.5,147.0,147.0,360.0,480.0,300.0,0.7890000000000001,-2.3129999999999997,-4.734
1760604983.0,433.5,189.0,141.0,142.0,360.0,480.0,300.0,1.1550000000000002,0.3680000000000003,-4.985
1760605023.0,127.5,564.5,177.0,177.0,360.0,480.0,300.0,-0.9489999999999998,1.8490000000000002,-3.834
1760605063.0,291.5,214.5,153.0,153.0,360.0,480.0,300.0,0.9260000000000002,1.17,-4.52
1760605100.0,632.0,522.5,134.0,133.0,360.0,480.0,300.0,-1.002,-0.9369999999999998,-5.334
1760605139.0,92.5,170.5,157.0,157.0,360.0,480.0,300.0,1.1550000000000002,2.2720000000000002,-4.393
1760605179.0,851.0,315.5,148.0,147.0,360.0,480.0,300.0,0.351,-2.168,-4.76
1760605220.0,718.0,103.0,188.0,188.0,360.0,480.0,300.0,1.3019999999999996,-1.0539999999999998,-3.573
1760605263.0,233.0,443.5,186.0,185.0,360.0,480.0,300.0,-0.3210000000000002,1.2610000000000001,-3.591
1760605302.0,405.5,320.0,157.0,156.0,360.0,480.0,300.0,0.30799999999999983,0.4980000000000002,-4.422
1760605340.0,282.5,505.0,143.0,144.0,360.0,480.0,300.0,-0.8180000000000001,1.2999999999999998,-4.89
1760605378.0,948.0,12.0,24.0,24.0,360.0,480.0,300.0,0.7229999999999999,-2.339,-3.552
1760605418.0,930.5,644.5,59.0,151.0,360.0,480.0,300.0,1.8970000000000002,-1.0499999999999998,-3.924
1760605458.0,330.5,584.0,147.0,146.0,360.0,480.0,300.0,-1.276,0.9790000000000001,-4.76
1760605496.0,578.5,445.5,135.0,135.0,360.0,480.0,300.0,-0.484,-0.5760000000000001,-5.248
1760605536.0,198.5,237.5,165.0,165.0,360.0,480.0,300.0,0.7389999999999999,1.5890000000000004,-4.144
1760605574.0,471.5,627.0,149.0,148.0,360.0,480.0,300.0,-1.521,0.12600000000000033,-4.6850000000000005
1760605613.0,812.5,572.5,169.0,169.0,360.0,480.0,300.0,-1.035,-1.674,-4.0169999999999995
1760605653.0,66.44414520263672,526.2530517578125,122.0,122.0,360.0,480.0,300.0,-0.8860000000000001,2.4699999999999998,-4.507
1760605695.0,844.5,97.5,157.0,157.0,360.0,480.0,300.0,1.5709999999999997,-1.991,-4.388
1760605736.0,933.0,648.0,54.0,144.0,360.0,480.0,300.0,1.646,0.24800000000000022,-3.573
1760605773.0,878.0,433.0,142.0,142.0,360.0,480.0,300.0,-0.375,-2.419,-4.9559999999999995
1760605813.0,931.5,644.5,57.0,151.0,360.0,480.0,300.0,-0.3660000000000001,2.308,-3.955
1760605850.0,616.5,642.5,172.0,172.0,360.0,480.0,300.0,-1.563,-0.9950000000000001,-4.04
1760605892.0,5.0,160.5,12.0,12.0,360.0,480.0,300.0,0.9420000000000002,2.4850000000000003,-4.003
1760605930.0,889.5206909179688,441.6492004394531,138.0,138.0,360.0,480.0,300.0,-0.5249999999999999,-2.2729999999999997,-4.227
1760605969.0,668.5,322.0,179.0,178.0,360.0,480.0,300.0,0.2709999999999999,-0.8610000000000002,-3.7720000000000002
1760606008.0,578.5,491.5,171.0,171.0,360.0,480.0,300.0,-0.6040000000000001,-0.43800000000000017,-3.963
1760606047.0,658.0,392.5,150.0,149.0,360.0,480.0,300.0,-0.11100000000000021,-0.9790000000000001,-4.662
1760606086.0,345.0,443.5,180.0,181.0,360.0,480.0,300.0,2.667,4.742,1.239
1760606126.0,650.5,274.5,171.0,171.0,360.0,480.0,300.0,0.5270000000000001,-0.8079999999999998,-3.987
1760606165.0,316.5,500.5,149.0,149.0,360.0,480.0,300.0,-0.7610000000000001,1.0519999999999996,-4.683
1760606205.0,806.5,506.5,181.0,181.0,360.0,480.0,300.0,-0.6419999999999999,-1.529,-3.7190000000000003
1760606245.0,223.48028564453125,647.3573608398438,142.0,142.0,360.0,480.0,300.0,-1.436,1.2249999999999996,-3.923
1760606284.0,871.6082763671875,539.3917236328125,174.0,174.0,360.0,480.0,300.0,-1.18,-2.224,-3.791
1760606324.0,554.5,571.5,151.0,151.0,360.0,480.0,300.0,-1.162,-0.3639999999999999,-4.621
1760606366.0,866.5,282.5,181.0,181.0,360.0,480.0,300.0,0.46499999999999986,-1.83,-3.725
1760606408.0,930.0,643.5,60.0,153.0,360.0,480.0,300.0,1.9340000000000002,2.194,-4.804
1760606450.0,238.5,4.6000001430511475,12.0,12.000000476837158,360.0,480.0,300.0,1.7480000000000002,0.875,-4.148
1760606490.0,72.83619689941406,198.009033203125,156.0,156.0,360.0,480.0,300.0,0.915,2.176,-3.9379999999999997
1760606532.0,558.0,280.0,170.0,170.0,360.0,480.0,300.0,0.4990000000000001,-0.3330000000000002,-4.021
1760606574.0,274.8708190917969,62.516279220581055,122.0,122.00000381469727,360.0,480.0,300.0,1.8019999999999996,1.263,-4.547
1760606613.0,321.0,152.0,134.0,134.0,360.0,480.0,300.0,1.4589999999999996,1.1319999999999997,-5.28
1760606653.0,105.5,246.5,173.0,173.0,360.0,480.0,300.0,0.665,2.0039999999999996,-3.947
1760606692.0,621.0,102.0,158.0,158.0,360.0,480.0,300.0,1.5350000000000001,-0.7189999999999999,-4.391
1760606732.0,483.0,443.5,134.0,135.0,360.0,480.0,300.0,-0.4710000000000001,0.05600000000000005,-5.285
1760606774.0,355.0,562.5,180.0,179.0,360.0,480.0,300.0,-0.9260000000000002,0.6980000000000004,-3.752
1760606817.0,531.5,150.0,173.0,174.0,360.0,480.0,300.0,1.1609999999999996,-0.18999999999999995,-3.947
1760606854.0,660.0,325.0,148.0,148.0,360.0,480.0,300.0,0.28900000000000015,-1.004,-4.717
1760606894.0,540.5,341.0,181.0,182.0,360.0,480.0,300.0,0.17399999999999993,-0.22199999999999998,-3.716
1760606933.0,301.0,129.5,168.0,169.0,360.0,480.0,300.0,1.2939999999999996,1.0199999999999996,-4.056
1760606973.0,869.0,388.0,142.0,142.0,360.0,480.0,300.0,-0.09399999999999986,-2.35,-4.96
1760607015.0,395.0,566.0,142.0,142.0,360.0,480.0,300.0,-1.211,0.6100000000000003,-4.993
1760607055.0,118.5,345.5,187.0,187.0,360.0,480.0,300.0,0.1499999999999999,1.8079999999999998,-3.5780000000000003
1760607092.0,337.5,411.0,147.0,146.0,360.0,480.0,300.0,-0.22999999999999998,0.9400000000000004,-4.785
1760607132.0,342.0,630.0,172.0,172.0,360.0,480.0,300.0,-1.32,0.7919999999999998,-3.942
1760607174.0,844.0,449.5,144.0,143.0,360.0,480.0,300.0,-0.4740000000000002,-2.177,-4.9
1760607211.0,557.0,379.0,182.0,182.0,360.0,480.0,300.0,-0.01200000000000001,-0.30299999999999994,-3.726
1760607248.0,6.64285683631897,417.5,15.999999523162842,16.0,360.0,480.0,300.0,-0.403,2.035,-3.582
1760607286.0,698.5,502.5,185.0,185.0,360.0,480.0,300.0,-0.605,-0.976,-3.624
1760607326.0,848.5,80.5,153.0,153.0,360.0,480.0,300.0,1.71,-2.0709999999999997,-4.536
1760607363.0,763.0,310.0,154.0,154.0,360.0,480.0,300.0,0.371,-1.552,-4.496
1760607405.0,229.5,378.5,145.0,145.0,360.0,480.0,300.0,-0.03500000000000014,1.609,-4.8100000000000005
1760607442.0,469.0,443.5,152.0,151.0,360.0,480.0,300.0,-0.41100000000000003,0.1429999999999998,-4.603
1760607482.0,297.0,442.5,168.0,169.0,360.0,480.0,300.0,-0.3580000000000001,1.0490000000000004,-4.084
1760607519.0,784.5,472.5,189.0,189.0,360.0,480.0,300.0,-0.45199999999999996,-1.363,-3.54
1760607557.0,368.0,292.5,170.0,169.0,360.0,480.0,300.0,0.43500000000000005,0.6639999999999997,-4.022
1760607595.0,732.0,533.5,166.0,167.0,360.0,480.0,300.0,-0.8500000000000001,-1.274,-4.106
1760607636.0,147.0,589.0,186.0,186.0,360.0,480.0,300.0,-1.016,1.67,-3.617
1760607676.0,574.0,260.0,142.0,142.0,360.0,480.0,300.0,0.7090000000000001,-0.5139999999999998,-4.955
1760607714.0,833.0,573.5,134.0,135.0,360.0,480.0,300.0,-1.327,-2.254,-5.282
1760607752.0,322.1956481933594,631.1434326171875,174.0,174.0,360.0,480.0,300.0,-1.534,0.03300000000000036,-3.7729999999999997
1760607791.0,929.0,643.5,62.0,153.0,360.0,480.0,300.0,1.7969999999999997,-0.8119999999999998,-3.965
1760607829.0,10.0,6.230769157409668,14.0,14.0,360.0,480.0,300.0,2.0,2.3449999999999998,-3.9050000000000002
1760607871.0,775.5,420.5,167.0,167.0,360.0,480.0,300.0,-0.2400000000000002,-1.5030000000000001,-4.117
1760607910.0,5.5,540.5,14.0,14.0,360.0,480.0,300.0,-1.036,2.2590000000000003,-4.046
1760607950.0,795.744384765625,69.0,132.0,132.0,360.0,480.0,300.0,1.6239999999999997,-1.6059999999999999,-4.087
1760607991.0,178.0,497.5,158.0,157.0,360.0,480.0,300.0,-0.6960000000000002,1.782,-4.372
1760608033.0,699.5,306.5,139.0,139.0,360.0,480.0,300.0,0.42600000000000016,-1.327,-5.087
1760608076.0,5.666666269302368,218.5,13.999999523162842,14.0,360.0,480.0,300.0,0.6040000000000001,2.479,-4.334
1760608116.0,525.5,445.0,141.0,140.0,360.0,480.0,300.0,-0.45699999999999985,-0.2120000000000002,-4.984
1760608156.0,152.5,421.5,181.0,181.0,360.0,480.0,300.0,-0.2240000000000002,1.689,-3.697
1760608197.0,734.5,118.5,133.0,133.0,360.0,480.0,300.0,1.6929999999999996,-1.62,-5.313
1760608235.0,262.0,445.5,178.0,177.0,360.0,480.0,300.0,-0.3490000000000002,1.17,-3.791
1760608273.0,535.5,527.5,171.0,171.0,360.0,480.0,300.0,-0.7959999999999998,-0.21499999999999986,-4.021
1760608313.0,867.0,211.5,136.0,137.0,360.0,480.0,300.0,1.0490000000000004,-2.4459999999999997,-5.198
1760608352.0,569.0,228.5,140.0,141.0,360.0,480.0,300.0,0.9119999999999999,-0.488,-5.023
1760608392.0,540.9782104492188,648.1367797851562,138.0,138.0,360.0,480.0,300.0,-1.531,-0.42600000000000016,-4.132
1760608431.0,662.0,573.5,144.0,143.0,360.0,480.0,300.0,-1.243,-1.052,-4.911
1760608473.0,107.0,360.0,138.0,138.0,360.0,480.0,300.0,0.08000000000000007,2.4699999999999998,-5.098
1760608512.0,732.5,541.0,159.0,160.0,360.0,480.0,300.0,-0.931,-1.338,-4.359
1760608553.0,254.5,426.5,181.0,181.0,360.0,480.0,300.0,-0.246,1.186,-3.7030000000000003
1760608591.0,663.5,548.5,143.0,143.0,360.0,480.0,300.0,-1.092,-1.0699999999999998,-4.944
1760608632.0,585.5,619.5,177.0,177.0,360.0,480.0,300.0,-1.222,-0.45299999999999985,-3.831
1760608674.0,238.5,363.5,157.0,157.0,360.0,480.0,300.0,0.06099999999999994,1.447,-4.413
1760608714.0,120.5,160.5,155.0,155.0,360.0,480.0,300.0,1.2279999999999998,2.144,-4.46
1760608751.0,927.5,642.0,65.0,156.0,360.0,480.0,300.0,1.8929999999999998,-1.3650000000000002,-4.2330000000000005
1760608789.0,610.0,344.0,150.0,150.0,360.0,480.0,300.0,0.17499999999999982,-0.6920000000000002,-4.616
1760608828.0,767.0,465.0,146.0,146.0,360.0,480.0,300.0,-0.5609999999999999,-1.6749999999999998,-4.805
1760608870.0,561.0,455.0,164.0,164.0,360.0,480.0,300.0,-0.43599999999999994,-0.3639999999999999,-4.193
1760608910.0,89.5,508.5,159.0,159.0,360.0,480.0,300.0,-0.7509999999999999,2.266,-4.338
1760608949.0,91.0,272.5,182.0,179.0,360.0,480.0,300.0,0.5139999999999998,2.0060000000000002,-3.783
1760608990.0,508.5,556.5,139.0,139.0,360.0,480.0,300.0,-1.171,-0.1070000000000002,-5.087
1760609029.0,383.5,287.0,173.0,172.0,360.0,480.0,300.0,0.45599999999999996,0.5759999999999996,-3.924
1760609069.0,454.0,620.5,140.0,141.0,360.0,480.0,300.0,-1.569,0.24099999999999966,-5.036
1760609109.0,219.5,464.0,163.0,162.0,360.0,480.0,300.0,-0.4900000000000002,1.505,-4.2509999999999994
1760609148.0,478.5,339.5,177.0,177.0,360.0,480.0,300.0,0.18400000000000016,0.08300000000000018,-3.824
1760609188.0,263.0,319.5,184.0,183.0,360.0,480.0,300.0,0.27700000000000014,1.1319999999999997,-3.674
1760609228.0,853.9502563476562,296.0,234.0,234.0,360.0,480.0,300.0,-0.601,-2.399,-3.8200000000000003
1760609267.0,854.0,565.5,142.0,143.0,360.0,480.0,300.0,-1.2,-2.255,-4.947
1760609310.0,446.5,482.5,135.0,135.0,360.0,480.0,300.0,-0.7240000000000002,0.29800000000000004,-5.236
1760609349.0,390.0,460.0,134.0,134.0,360.0,480.0,300.0,-0.5830000000000002,0.6760000000000002,-5.285
1760609390.0,413.0,637.0,182.0,182.0,360.0,480.0,300.0,-1.531,-0.1549999999999998,-3.8970000000000002
1760609429.0,677.0,100.5,138.0,137.0,360.0,480.0,300.0,1.7560000000000002,-1.1949999999999998,-5.145
1760609469.0,6.153846502304077,528.0,14.000000476837158,14.0,360.0,480.0,300.0,-0.9129999999999998,2.2270000000000003,-3.815
1760609507.0,508.5,508.5,155.0,155.0,360.0,480.0,300.0,-0.7690000000000001,-0.08700000000000019,-4.461
1760609549.0,713.5,130.5,133.0,133.0,360.0,480.0,300.0,1.612,-1.483,-5.351
1760609591.0,221.5,126.0,149.0,148.0,360.0,480.0,300.0,1.4829999999999997,1.6239999999999997,-4.698
1760609631.0,782.0,498.0,156.0,156.0,360.0,480.0,300.0,-0.7040000000000002,-1.646,-4.4350000000000005
1760609671.0,5.090909004211426,137.0,14.0,14.0,360.0,480.0,300.0,1.064,2.4429999999999996,-3.662
1760609711.0,592.0,418.0,136.0,136.0,360.0,480.0,300.0,-0.2999999999999998,-0.6579999999999999,-5.203
1760609751.0,290.0,306.5,150.0,149.0,360.0,480.0,300.0,0.399,1.2080000000000002,-4.688
1760609790.0,657.0,331.0,134.0,134.0,360.0,480.0,300.0,0.2719999999999998,-1.101,-5.307
1760609827.0,351.0,139.0,184.0,184.0,360.0,480.0,300.0,1.1529999999999996,0.7039999999999997,-3.677
1760609864.0,703.5,641.0,157.0,158.0,360.0,480.0,300.0,-1.513,-1.1960000000000002,-4.4190000000000005
1760609905.0,78.5,566.5,157.0,155.0,360.0,480.0,300.0,-1.107,2.375,-4.492
1760609944.0,82.45198059082031,73.85107421875,130.0,130.0,360.0,480.0,300.0,1.6420000000000003,2.248,-4.202
1760609984.0,463.0,394.0,148.0,148.0,360.0,480.0,300.0,-0.12400000000000011,0.18100000000000005,-4.702
1760610024.0,78.18780136108398,250.665283203125,148.00000762939453,148.0,360.0,480.0,300.0,0.5950000000000002,1.976,-3.557
1760610063.0,772.0,72.0,142.0,144.0,360.0,480.0,300.0,1.8710000000000004,-1.7440000000000002,-4.912
1760610103.0,4.550000190734863,328.0,12.0,12.0,360.0,480.0,300.0,0.13600000000000012,2.489,-3.857
1760610145.0,311.5,508.0,149.0,148.0,360.0,480.0,300.0,-0.806,1.085,-4.686
1760610187.0,701.5,540.0,161.0,162.0,360.0,480.0,300.0,-0.9119999999999999,-1.146,-4.272
1760610227.0,927.5,641.0,65.0,158.0,360.0,480.0,300.0,1.7699999999999996,-2.2439999999999998,-3.5140000000000002
1760610264.0,405.0,574.0,138.0,138.0,360.0,480.0,300.0,-1.3,0.5609999999999999,-5.156
1760610304.0,260.5,391.5,155.0,155.0,360.0,480.0,300.0,-0.10000000000000009,1.33,-4.425
1760610343.0,863.0,365.0,134.0,134.0,360.0,480.0,300.0,0.04899999999999993,-2.473,-5.341
1760610384.0,285.5,207.0,151.0,152.0,360.0,480.0,300.0,0.9769999999999999,1.2199999999999998,-4.614
1760610425.0,492.02674865722656,640.4326171875,153.99996948242188,154.0,360.0,480.0,300.0,-1.532,-0.4209999999999998,-3.956
1760610467.0,189.5,631.0,141.0,142.0,360.0,480.0,300.0,-1.626,1.9029999999999996,-4.996
1760610507.0,859.0,474.0,184.0,184.0,360.0,480.0,300.0,-0.4710000000000001,-1.7570000000000001,-3.63
1760610546.0,428.5,264.5,157.0,157.0,360.0,480.0,300.0,0.6230000000000002,0.3680000000000003,-4.413
1760610586.0,492.5,227.5,167.0,167.0,360.0,480.0,300.0,0.7850000000000001,0.011999999999999567,-4.104
1760610623.0,281.0,470.0,146.0,146.0,360.0,480.0,300.0,-0.5899999999999999,1.2889999999999997,-4.805
1760610661.0,361.5,223.0,135.0,136.0,360.0,480.0,300.0,0.9780000000000002,0.8520000000000003,-5.208
1760610698.0,187.0,275.0,154.0,154.0,360.0,480.0,300.0,0.5739999999999998,1.7729999999999997,-4.492
1760610739.0,274.5,302.0,179.0,178.0,360.0,480.0,300.0,0.3690000000000002,1.1050000000000004,-3.795
1760610781.0,896.73681640625,389.0,142.0,142.0,360.0,480.0,300.0,-0.08400000000000007,-2.2640000000000002,-4.35
1760610821.0,394.5,615.0,149.0,150.0,360.0,480.0,300.0,-1.435,0.585,-4.686
1760610861.0,600.5,433.5,149.0,149.0,360.0,480.0,300.0,-0.3610000000000002,-0.6459999999999999,-4.711
1760610900.0,303.0,520.5,184.0,185.0,360.0,480.0,300.0,-0.6960000000000002,0.9299999999999997,-3.633
1760610939.0,153.0,4.6499998569488525,12.0,11.999999523162842,360.0,480.0,300.0,1.9500000000000002,1.5199999999999996,-4.2170000000000005
1760610981.0,22.5,697.5,45.0,45.0,360.0,480.0,300.0,-1.457,2.0860000000000003,-3.714
1760611019.0,473.5,210.5,147.0,147.0,360.0,480.0,300.0,0.9860000000000002,0.11699999999999999,-4.733
1760611058.0,861.5,549.0,185.0,184.0,360.0,480.0,300.0,-0.835,-1.7679999999999998,-3.63
1760611100.0,120.0,534.0,168.0,168.0,360.0,480.0,300.0,-0.843,1.9850000000000003,-4.063
1760611142.0,475.5,112.0,143.0,144.0,360.0,480.0,300.0,1.6159999999999997,0.10299999999999976,-4.878
1760611181.0,347.0,356.5,140.0,141.0,360.0,480.0,300.0,0.1030000000000002,0.9189999999999996,-5.03
1760611219.0,342.0,340.0,146.0,146.0,360.0,480.0,300.0,0.20400000000000018,0.9180000000000001,-4.8149999999999995
1760611256.0,274.5,317.5,179.0,179.0,360.0,480.0,300.0,0.29000000000000004,1.0979999999999999,-3.749
1760611296.0,783.5484619140625,637.2996215820312,150.0,150.0,360.0,480.0,300.0,-1.23,-1.359,-3.558
1760611337.0,238.5,125.0,153.0,152.0,360.0,480.0,300.0,1.452,1.487,-4.577
1760611377.0,514.5,291.5,187.0,187.0,360.0,480.0,300.0,0.4079999999999999,-0.08599999999999985,-3.5709999999999997
1760611417.0,140.0,5.625,14.0,14.0,360.0,480.0,300.0,1.726,1.3550000000000004,-3.973
1760611457.0,351.0,141.0,136.0,136.0,360.0,480.0,300.0,1.5090000000000003,0.9160000000000004,-5.201
1760611496.0,578.0,4.1111109256744385,10.0,9.999999523162842,360.0,480.0,300.0,1.968,-0.7010000000000001,-4.354
1760611536.0,250.0,443.5,146.0,147.0,360.0,480.0,300.0,-0.42700000000000005,1.4720000000000004,-4.795
1760611574.0,511.0,247.0,154.0,154.0,360.0,480.0,300.0,0.7349999999999999,-0.10099999999999998,-4.518
1760611614.0,795.5,127.5,175.0,175.0,360.0,480.0,300.0,1.2670000000000003,-1.5350000000000001,-3.87
1760611653.0,647.5,560.5,135.0,135.0,360.0,480.0,300.0,-1.234,-1.0230000000000001,-5.25
1760611694.0,398.5,461.5,175.0,175.0,360.0,480.0,300.0,-0.43500000000000005,0.492,-3.864
1760611733.0,732.0,67.40511703491211,140.0,140.00000762939453,360.0,480.0,300.0,1.7569999999999997,-1.376,-4.492
1760611773.0,710.0,606.0,154.0,154.0,360.0,480.0,300.0,-1.34,-1.25,-4.521
1760611822.0,560.0,460.0,174.0,174.0,360.0,480.0,300.0,-0.43000000000000016,-0.33499999999999996,-3.893
1760611861.0,90.0,488.0,160.0,160.0,360.0,480.0,300.0,-0.6309999999999998,2.2460000000000004,-4.3
1760611901.0,214.5,153.0,159.0,160.0,360.0,480.0,300.0,1.2389999999999999,1.5599999999999996,-4.349
1760611940.0,428.712158203125,61.129987716674805,114.0,114.00000381469727,360.0,480.0,300.0,1.9379999999999997,0.39400000000000013,-4.938
1760611980.0,631.0,150.0,142.0,142.0,360.0,480.0,300.0,1.3979999999999997,-0.8690000000000002,-4.933
1760612020.0,264.0,485.0,138.0,138.0,360.0,480.0,300.0,-0.7200000000000002,1.46,-5.072
1760612059.0,499.5,392.5,141.0,141.0,360.0,480.0,300.0,-0.12300000000000022,-0.04599999999999982,-4.962
1760612099.0,843.078369140625,139.0,260.0,260.0,360.0,480.0,300.0,-0.16699999999999982,-2.284,-3.5620000000000003
1760612138.0,929.5,643.5,61.0,153.0,360.0,480.0,300.0,1.7990000000000004,-0.21799999999999997,-3.8280000000000003
1760612179.0,606.5,168.5,169.0,169.0,360.0,480.0,300.0,1.0860000000000003,-0.5880000000000001,-4.031
1760612219.0,194.0,198.5,148.0,147.0,360.0,480.0,300.0,1.056,1.8049999999999997,-4.771
1760612258.0,463.0,105.5,168.0,167.0,360.0,480.0,300.0,1.431,0.16600000000000037,-4.069
1760612297.0,681.0,100.0,136.0,136.0,360.0,480.0,300.0,1.7800000000000002,-1.2389999999999999,-5.22
1760612338.0,562.0,215.0,190.0,190.0,360.0,480.0,300.0,0.762,-0.30699999999999994,-3.528
1760612377.0,799.0,592.0,136.0,136.0,360.0,480.0,300.0,-1.431,-2.005,-5.195
1760612419.0,677.5,615.5,161.0,161.0,360.0,480.0,300.0,-1.331,-1.016,-4.295
1760612459.0,636.0,393.0,154.0,154.0,360.0,480.0,300.0,-0.10999999999999988,-0.827,-4.517
1760612499.0,482.0,238.0,132.0,132.0,360.0,480.0,300.0,0.8959999999999999,0.06400000000000006,-5.351
1760612540.0,445.5,543.0,173.0,174.0,360.0,480.0,300.0,-0.8599999999999999,0.2530000000000001,-3.933
1760612580.0,553.0,286.0,174.0,174.0,360.0,480.0,300.0,0.4580000000000002,-0.29700000000000015,-3.896
1760612618.0,806.0,583.0,138.0,138.0,360.0,480.0,300.0,-1.351,-2.021,-5.087
1760612658.0,646.5,441.0,151.0,152.0,360.0,480.0,300.0,-0.3959999999999999,-0.9039999999999999,-4.587
1760612698.0,154.0,3.5,12.0,12.0,360.0,480.0,300.0,1.7830000000000004,1.362,-3.6479999999999997
1760612738.0,770.0,77.0,144.0,144.0,360.0,480.0,300.0,1.827,-1.7200000000000002,-4.873
1760612777.0,455.48411560058594,650.38623046875,130.00003051757812,130.0,360.0,480.0,300.0,-1.508,0.20699999999999985,-4.21
1760612817.0,455.0,508.0,136.0,136.0,360.0,480.0,300.0,-0.8929999999999998,0.2400000000000002,-5.233
1760612855.0,212.0,429.5,140.0,139.0,360.0,480.0,300.0,-0.3620000000000001,1.7770000000000001,-5.059
1760612893.0,204.5,229.5,151.0,151.0,360.0,480.0,300.0,0.8500000000000001,1.6989999999999998,-4.591
1760612935.0,930.5,644.5,59.0,151.0,360.0,480.0,300.0,1.5149999999999997,-1.117,-3.5540000000000003
1760612974.0,226.5,101.5,171.0,171.0,360.0,480.0,300.0,1.431,1.4000000000000004,-4.005
1760613013.0,149.0,466.0,176.0,176.0,360.0,480.0,300.0,-0.45500000000000007,1.7510000000000003,-3.8280000000000003
1760613055.0,687.0,266.5,162.0,163.0,360.0,480.0,300.0,0.593,-1.056,-4.224
1760613094.0,597.5,485.5,161.0,161.0,360.0,480.0,300.0,-0.6120000000000001,-0.5739999999999998,-4.2989999999999995
1760613132.0,380.0,560.0,138.0,138.0,360.0,480.0,300.0,-1.208,0.7210000000000001,-5.115
1760613171.0,430.0,593.0,140.0,140.0,360.0,480.0,300.0,-1.397,0.391,-5.027
1760613213.0,681.5,68.5,135.0,137.0,360.0,480.0,300.0,1.9850000000000003,-1.246,-5.255
1760613254.0,602.5,362.0,143.0,144.0,360.0,480.0,300.0,0.06899999999999995,-0.6840000000000002,-4.9030000000000005
1760613296.0,838.0,177.0,158.0,158.0,360.0,480.0,300.0,1.1109999999999998,-1.94,-4.384
1760613338.0,495.5,290.0,145.0,146.0,360.0,480.0,300.0,0.5089999999999999,-0.016999999999999904,-4.8309999999999995
1760613378.0,929.5,644.5,61.0,151.0,360.0,480.0,300.0,1.221,2.186,-3.5060000000000002
1760613418.0,799.5,547.5,159.0,159.0,360.0,480.0,300.0,-0.968,-1.714,-4.327
1760613458.0,507.0,400.5,160.0,161.0,360.0,480.0,300.0,-0.14400000000000013,-0.07299999999999995,-4.3100000000000005
1760613500.0,763.0,193.0,394.0,386.0,360.0,480.0,300.0,4.039,3.253,1.651
1760613543.0,427.0,324.5,134.0,133.0,360.0,480.0,300.0,0.31899999999999995,0.4299999999999997,-5.343
1760613582.0,396.0,129.0,136.0,136.0,360.0,480.0,300.0,1.5890000000000004,0.6269999999999998,-5.17
1760613623.0,142.5,5.136363744735718,12.0,12.000000476837158,360.0,480.0,300.0,1.9669999999999996,1.6289999999999996,-3.927
1760613663.0,273.0,407.0,158.0,158.0,360.0,480.0,300.0,-0.18400000000000016,1.2430000000000003,-4.382
1760613700.0,177.5,306.0,163.0,162.0,360.0,480.0,300.0,0.3769999999999998,1.7329999999999997,-4.2219999999999995
1760613740.0,5.090909004211426,648.0,14.0,14.0,360.0,480.0,300.0,-1.486,2.4589999999999996,-3.9859999999999998
1760613779.0,763.5,193.0,393.0,386.0,360.0,480.0,300.0,4.228,2.425,1.662
1760613818.0,229.0,112.0,158.0,158.0,360.0,480.0,300.0,1.4809999999999999,1.4900000000000002,-4.4
1760613858.0,412.8512878417969,74.70387268066406,132.0,132.0,360.0,480.0,300.0,1.609,0.4349999999999996,-4.1129999999999995
1760613897.0,94.5,540.0,167.0,168.0,360.0,480.0,300.0,-0.879,2.1289999999999996,-4.119
1760613938.0,231.5,4.5,14.0,14.0,360.0,480.0,300.0,1.5039999999999996,0.7229999999999999,-3.568
1760613978.0,584.5,180.5,185.0,185.0,360.0,480.0,300.0,0.9449999999999998,-0.42799999999999994,-3.6109999999999998
1760614017.0,332.5,112.5,167.0,167.0,360.0,480.0,300.0,1.399,0.8600000000000003,-4.107
1760614054.0,763.0,193.0,394.0,386.0,360.0,480.0,300.0,2.414,6.215,1.796
1760614094.0,117.0,129.0,154.0,154.0,360.0,480.0,300.0,1.4139999999999997,2.1740000000000004,-4.489
1760614131.0,438.5,606.0,181.0,182.0,360.0,480.0,300.0,-1.125,0.2789999999999999,-3.677
1760614171.0,747.5,458.5,153.0,153.0,360.0,480.0,300.0,-0.4940000000000002,-1.484,-4.55
1760614213.0,140.0,195.0,146.0,146.0,360.0,480.0,300.0,1.0910000000000002,2.1550000000000002,-4.8149999999999995
1760614253.0,258.0,492.5,164.0,163.0,360.0,480.0,300.0,-0.6440000000000001,1.287,-4.218
1760614294.0,570.5,204.5,147.0,147.0,360.0,480.0,300.0,1.024,-0.4740000000000002,-4.754
1760614334.0,931.5,645.5,57.0,149.0,360.0,480.0,300.0,1.6920000000000002,-0.2120000000000002,-4.198
1760614374.0,750.5,198.0,175.0,174.0,360.0,480.0,300.0,0.907,-1.2999999999999998,-3.886
1760614414.0,889.4943237304688,131.68785095214844,136.0,136.0,360.0,480.0,300.0,0.9790000000000001,-2.4459999999999997,-4.46
1760614454.0,641.5,514.0,149.0,150.0,360.0,480.0,300.0,-0.8319999999999999,-0.8839999999999999,-4.672
1760614493.0,530.0,157.0,186.0,186.0,360.0,480.0,300.0,1.0510000000000002,-0.16100000000000003,-3.5869999999999997
1760614534.0,671.5,533.5,133.0,133.0,360.0,480.0,300.0,-1.076,-1.2000000000000002,-5.332
1760614573.0,837.0,312.5,164.0,163.0,360.0,480.0,300.0,0.33899999999999997,-1.8690000000000002,-4.199
1760614615.0,238.0,571.5,140.0,141.0,360.0,480.0,300.0,-1.26,1.6079999999999997,-5.041
1760614655.0,215.5,319.0,159.0,160.0,360.0,480.0,300.0,0.30900000000000016,1.5499999999999998,-4.3
1760614695.0,282.5,372.0,145.0,144.0,360.0,480.0,300.0,0.0040000000000000036,1.2930000000000001,-4.884
1760614734.0,338.5,194.5,189.0,189.0,360.0,480.0,300.0,0.8639999999999999,0.7439999999999998,-3.5629999999999997
1760614774.0,932.5,647.0,55.0,146.0,360.0,480.0,300.0,1.7640000000000002,-2.3899999999999997,-4.495
1760614814.0,637.0,120.5,136.0,135.0,360.0,480.0,300.0,1.6520000000000001,-0.9540000000000002,-5.22
1760614853.0,386.0,519.0,190.0,190.0,360.0,480.0,300.0,-0.6640000000000001,0.5170000000000003,-3.51
1760614890.0,930.0,643.5,60.0,153.0,360.0,480.0,300.0,1.8479999999999999,-0.052000000000000046,-3.654
1760614930.0,637.5248413085938,64.86418151855469,112.0,112.0,360.0,480.0,300.0,1.9450000000000003,-0.923,-5.021
1760614972.0,652.5,625.0,191.0,190.0,360.0,480.0,300.0,-1.16,-0.7320000000000002,-3.508
1760615011.0,246.0,521.0,148.0,148.0,360.0,480.0,300.0,-0.8889999999999998,1.484,-4.743
1760615051.0,311.0,291.5,166.0,167.0,360.0,480.0,300.0,0.44700000000000006,0.9829999999999997,-4.135
1760615090.0,157.0,260.5,182.0,181.0,360.0,480.0,300.0,0.569,1.6609999999999996,-3.716
1760615128.0,863.0,291.0,154.0,154.0,360.0,480.0,300.0,0.4790000000000001,-2.133,-4.517
1760615168.0,389.5,311.0,145.0,144.0,360.0,480.0,300.0,0.383,0.633,-4.861
1760615207.0,626.5000610351562,643.6383666992188,168.0,168.0,360.0,480.0,300.0,-1.513,-0.944,-3.984
1760615249.0,521.5,625.159912109375,210.0,210.0,360.0,480.0,300.0,-1.464,-0.7919999999999998,-3.589
1760615289.0,637.5,305.5,159.0,159.0,360.0,480.0,300.0,0.387,-0.8010000000000002,-4.34
1760615330.0,600.0,548.0,178.0,178.0,360.0,480.0,300.0,-0.8599999999999999,-0.5230000000000001,-3.817
1760615369.0,726.0,168.0,144.0,144.0,360.0,480.0,300.0,1.2649999999999997,-1.4420000000000002,-4.885
1760615409.0,592.0,131.5,138.0,137.0,360.0,480.0,300.0,1.5620000000000003,-0.649,-5.148
1760615449.0,283.0,592.0,164.0,164.0,360.0,480.0,300.0,-1.177,1.1449999999999996,-4.191
1760615486.0,318.0,518.0,134.0,134.0,360.0,480.0,300.0,-0.9660000000000002,1.1500000000000004,-5.311
1760615526.0,405.5,407.5,139.0,139.0,360.0,480.0,300.0,-0.2240000000000002,0.5540000000000003,-5.0969999999999995
1760615565.0,536.5,576.0,137.0,136.0,360.0,480.0,300.0,-1.326,-0.2919999999999998,-5.204
1760615605.0,455.0,179.0,162.0,162.0,360.0,480.0,300.0,1.072,0.21199999999999974,-4.253
1760615647.0,209.02056121826172,65.02054595947266,114.00001525878906,114.0,360.0,480.0,300.0,1.8940000000000001,1.742,-4.853
1760615688.0,175.5,278.0,169.0,168.0,360.0,480.0,300.0,0.5129999999999999,1.686,-4.078
1760615727.0,885.2874145507812,112.76430892944336,146.0,146.00000762939453,360.0,480.0,300.0,0.9359999999999999,-2.33,-4.203
1760615767.0,609.5,5.666666269302368,14.0,13.999999523162842,360.0,480.0,300.0,1.92,-0.6030000000000002,-3.6180000000000003
1760615808.0,531.5,4.6000001430511475,12.0,12.000000476837158,360.0,480.0,300.0,1.835,-0.44399999999999995,-4.05
1760615848.0,829.0340576171875,643.1846923828125,146.0,146.0,360.0,480.0,300.0,-1.287,-1.6099999999999999,-3.604
1760615888.0,507.5,289.5,143.0,143.0,360.0,480.0,300.0,0.516,-0.09399999999999986,-4.8870000000000005
1760615930.0,930.5,645.5,59.0,149.0,360.0,480.0,300.0,1.923,0.2519999999999998,-4.689
1760615969.0,579.5,534.5,133.0,133.0,360.0,480.0,300.0,-1.083,-0.5899999999999999,-5.337
1760616011.0,822.5,408.5,145.0,145.0,360.0,480.0,300.0,-0.21700000000000008,-2.019,-4.818
1760616051.0,136.5,340.5,135.0,135.0,360.0,480.0,300.0,0.20800000000000018,2.346,-5.284
1760616088.0,375.0,587.0,140.0,140.0,360.0,480.0,300.0,-1.358,0.7439999999999998,-5.032
1760616125.0,540.0,571.0,156.0,156.0,360.0,480.0,300.0,-1.127,-0.2650000000000001,-4.428
1760616166.0,207.0,341.0,184.0,184.0,360.0,480.0,300.0,0.17399999999999993,1.4000000000000004,-3.665
1760616203.0,493.0,536.0,142.0,142.0,360.0,480.0,300.0,-1.022,-0.007000000000000117,-4.933
1760616243.0,521.5,3.0,10.0,10.0,360.0,480.0,300.0,1.9980000000000002,-0.29499999999999993,-4.062
1760616285.0,850.0418701171875,542.818359375,206.0,206.0,360.0,480.0,300.0,-1.501,-2.4610000000000003,-3.94
1760616322.0,855.0,315.5,176.0,177.0,360.0,480.0,300.0,0.30600000000000005,-1.8210000000000002,-3.854
1760616364.0,741.5,425.0,137.0,136.0,360.0,480.0,300.0,-0.3420000000000001,-1.624,-5.176
1760616403.0,682.5,254.5,163.0,163.0,360.0,480.0,300.0,0.6560000000000001,-1.0299999999999998,-4.199
1760616443.0,356.0,423.0,176.0,176.0,360.0,480.0,300.0,-0.238,0.7039999999999997,-3.854
1760616481.0,124.5,5.5,14.0,14.0,360.0,480.0,300.0,1.9980000000000002,1.7519999999999998,-3.975
1760616522.0,288.0,576.5,148.0,147.0,360.0,480.0,300.0,-1.22,1.2309999999999999,-4.71
1760616561.0,202.0,532.0,138.0,138.0,360.0,480.0,300.0,-1.023,1.8639999999999999,-5.095
1760616600.0,242.5,243.5,151.0,151.0,360.0,480.0,300.0,0.7650000000000001,1.4779999999999998,-4.603
1760616641.0,628.5,403.5,165.0,165.0,360.0,480.0,300.0,-0.15200000000000014,-0.726,-4.163
1760616683.0,599.5,291.0,185.0,184.0,360.0,480.0,300.0,3.414,3.5,1.38
1760616723.0,304.0,561.0,140.0,140.0,360.0,480.0,300.0,-1.199,1.1959999999999997,-5.056
1760616760.0,345.0,348.5,136.0,135.0,360.0,480.0,300.0,0.1549999999999998,0.9569999999999999,-5.195
1760616800.0,231.0,511.5,170.0,169.0,360.0,480.0,300.0,-0.7149999999999999,1.3849999999999998,-4.031
1760616837.0,627.5,623.5,141.0,141.0,360.0,480.0,300.0,-1.582,-0.855,-5.021
1760616877.0,516.0,308.5,138.0,137.0,360.0,480.0,300.0,0.4129999999999998,-0.15700000000000003,-5.131
1760616919.0,262.0,483.0,158.0,158.0,360.0,480.0,300.0,-0.6139999999999999,1.3079999999999998,-4.372
1760616961.0,216.0,478.0,154.0,154.0,360.0,480.0,300.0,-0.6000000000000001,1.601,-4.503
1760616999.0,585.5,120.5,147.0,147.0,360.0,480.0,300.0,1.532,-0.5609999999999999,-4.783
1760617041.0,660.0,106.5,182.0,181.0,360.0,480.0,300.0,1.3259999999999996,-0.8079999999999998,-3.702
1760617080.0,631.5,346.0,145.0,146.0,360.0,480.0,300.0,0.16500000000000004,-0.8490000000000002,-4.8309999999999995
1760617119.0,746.5,602.0,155.0,154.0,360.0,480.0,300.0,-1.316,-1.4609999999999999,-4.518
1760617159.0,215.5,357.0,163.0,164.0,360.0,480.0,300.0,0.09699999999999998,1.5170000000000003,-4.198
1760617199.0,207.5,172.5,135.0,135.0,360.0,480.0,300.0,1.3159999999999998,1.867,-5.27
1760617240.0,130.0,286.5,144.0,145.0,360.0,480.0,300.0,0.532,2.234,-4.856
1760617277.0,304.0,389.5,172.0,173.0,360.0,480.0,300.0,-0.07100000000000017,0.984,-3.947
1760617317.0,557.5,227.5,153.0,153.0,360.0,480.0,300.0,0.8490000000000002,-0.3730000000000002,-4.514
1760617355.0,860.0,442.0,140.0,140.0,360.0,480.0,300.0,-0.44099999999999984,-2.347,-5.063
1760617397.0,359.5,312.0,173.0,174.0,360.0,480.0,300.0,0.32699999999999996,0.6950000000000003,-3.925
1760617434.0,523.0,152.0,160.0,160.0,360.0,480.0,300.0,1.2380000000000004,-0.16400000000000015,-4.309
1760617474.0,647.0,213.0,138.0,138.0,360.0,480.0,300.0,1.024,-0.9940000000000002,-5.089
1760617518.0,782.0,453.0,142.0,142.0,360.0,480.0,300.0,-0.5,-1.819,-4.978
1760617560.0,585.5,350.0,163.0,162.0,360.0,480.0,300.0,0.13600000000000012,-0.5009999999999999,-4.234
1760617599.0,362.5,356.0,133.0,134.0,360.0,480.0,300.0,0.1070000000000002,0.8600000000000003,-5.328
1760617639.0,277.5,208.5,139.0,139.0,360.0,480.0,300.0,1.0490000000000004,1.3719999999999999,-5.104
1760617681.0,415.0,214.5,136.0,135.0,360.0,480.0,300.0,1.0359999999999996,0.5019999999999998,-5.249
1760617720.0,703.5,163.5,181.0,181.0,360.0,480.0,300.0,1.048,-1.025,-3.71
1760617760.0,842.5,230.5,141.0,141.0,360.0,480.0,300.0,0.895,-2.202,-4.968
1760617799.0,203.0,3.0,10.0,10.0,360.0,480.0,300.0,1.7089999999999996,0.9960000000000004,-4.107
1760617836.0,535.0,84.5,166.0,169.0,360.0,480.0,300.0,1.5510000000000002,-0.21899999999999986,-4.139
1760617877.0,687.0,74.5,138.0,139.0,360.0,480.0,300.0,1.9100000000000001,-1.249,-5.107
1760617920.0,799.0,576.0,190.0,190.0,360.0,480.0,300.0,-0.9340000000000002,-1.424,-3.5229999999999997
1760617958.0,782.0,159.5,132.0,133.0,360.0,480.0,300.0,1.4249999999999998,-1.947,-5.343
1760617998.0,619.0,126.5,140.0,141.0,360.0,480.0,300.0,1.556,-0.8010000000000002,-4.99
1760618036.0,763.5,193.0,393.0,386.0,360.0,480.0,300.0,4.477,3.897,1.293
1760618073.0,652.0,442.5,170.0,171.0,360.0,480.0,300.0,-0.351,-0.8260000000000001,-4.007
1760618116.0,494.5,109.0,175.0,176.0,360.0,480.0,300.0,1.3520000000000003,0.0039999999999995595,-3.85
1760618156.0,724.0,231.0,152.0,152.0,360.0,480.0,300.0,0.8380000000000001,-1.3530000000000002,-4.577
1760618195.0,393.5,523.0,163.0,164.0,360.0,480.0,300.0,-0.806,0.5460000000000003,-4.22
1760618235.0,773.0,519.5,168.0,167.0,360.0,480.0,300.0,-0.7669999999999999,-1.4820000000000002,-4.093
1760618275.0,439.5,128.5,143.0,143.0,360.0,480.0,300.0,1.524,0.3280000000000003,-4.926
1760618315.0,759.5,272.0,177.0,178.0,360.0,480.0,300.0,0.5209999999999999,-1.3239999999999998,-3.81
1760618357.0,429.5,344.0,147.0,146.0,360.0,480.0,300.0,0.17899999999999983,0.3819999999999997,-4.7940000000000005
1760618395.0,359.0,327.5,150.0,149.0,360.0,480.0,300.0,0.27300000000000013,0.7949999999999999,-4.6690000000000005
1760618434.0,608.0,330.0,166.0,166.0,360.0,480.0,300.0,0.2400000000000002,-0.6080000000000001,-4.132
1760618473.0,272.0,510.0,146.0,146.0,360.0,480.0,300.0,-0.835,1.3440000000000003,-4.779
1760618511.0,474.5,329.5,137.0,137.0,360.0,480.0,300.0,0.2789999999999999,0.1120000000000001,-5.18
1760618551.0,473.0,636.5,148.0,147.0,360.0,480.0,300.0,-1.593,0.11800000000000033,-4.768
